2024-08-25 22:04:40,085 - WARNING - Unknown option passed to Flask-CORS: support_credentials
2024-08-25 22:04:40,085 - WARNING - Unknown option passed to Flask-CORS: support_credentials
2024-08-25 22:04:40,459 - INFO - [31m[1mWARNING: This is a development server. Do not use it in a production deployment. Use a production WSGI server instead.[0m
 * Running on all addresses (0.0.0.0)
 * Running on http://127.0.0.1:5000
 * Running on http://10.0.0.130:5000
2024-08-25 22:04:40,459 - INFO - [33mPress CTRL+C to quit[0m
2024-08-25 22:05:14,564 - WARNING - Unknown option passed to Flask-CORS: support_credentials
2024-08-25 22:05:14,564 - WARNING - Unknown option passed to Flask-CORS: support_credentials
2024-08-25 22:05:14,768 - WARNING - Unknown option passed to Flask-CORS: support_credentials
2024-08-25 22:05:14,769 - WARNING - Unknown option passed to Flask-CORS: support_credentials
2024-08-25 22:05:14,817 - WARNING - Unknown option passed to Flask-CORS: support_credentials
2024-08-25 22:05:14,817 - WARNING - Unknown option passed to Flask-CORS: support_credentials
2024-08-25 22:05:14,888 - WARNING - Unknown option passed to Flask-CORS: support_credentials
2024-08-25 22:05:14,888 - WARNING - Unknown option passed to Flask-CORS: support_credentials
2024-08-25 22:05:14,900 - WARNING - Unknown option passed to Flask-CORS: support_credentials
2024-08-25 22:05:14,900 - WARNING - Unknown option passed to Flask-CORS: support_credentials
2024-08-25 22:05:14,938 - WARNING - Unknown option passed to Flask-CORS: support_credentials
2024-08-25 22:05:14,938 - WARNING - Unknown option passed to Flask-CORS: support_credentials
2024-08-25 22:05:14,942 - WARNING - Unknown option passed to Flask-CORS: support_credentials
2024-08-25 22:05:14,942 - WARNING - Unknown option passed to Flask-CORS: support_credentials
2024-08-25 22:05:15,006 - WARNING - Unknown option passed to Flask-CORS: support_credentials
2024-08-25 22:05:15,006 - WARNING - Unknown option passed to Flask-CORS: support_credentials
2024-08-25 22:05:23,514 - ERROR - No known encodings found. Encoding new face. UID: shaganan
2024-08-25 22:05:24,340 - ERROR - No known encodings found. Encoding new face. UID: shaganan
2024-08-25 22:05:26,064 - ERROR - No known encodings found. Encoding new face. UID: shaganan
2024-08-25 22:05:27,624 - ERROR - No known encodings found. Encoding new face. UID: jana
2024-08-25 22:05:28,487 - ERROR - No known encodings found. Encoding new face. UID: jana
2024-08-25 22:05:29,051 - ERROR - No known encodings found. Encoding new face. UID: shaganan
2024-08-25 22:05:30,486 - ERROR - No known encodings found. Encoding new face. UID: jana
2024-08-25 22:05:31,745 - ERROR - No known encodings found. Encoding new face. UID: shaganan
2024-08-25 22:05:32,558 - ERROR - No known encodings found. Encoding new face. UID: shaganan
2024-08-25 22:05:33,619 - ERROR - No known encodings found. Encoding new face. UID: jana
2024-08-25 22:05:35,062 - ERROR - No known encodings found. Encoding new face. UID: jana
2024-08-25 22:05:37,618 - ERROR - No known encodings found. Encoding new face. UID: shaganan
2024-08-25 22:05:38,891 - ERROR - No known encodings found. Encoding new face. UID: jana
2024-08-25 22:18:16,208 - WARNING - Unknown option passed to Flask-CORS: support_credentials
2024-08-25 22:18:16,209 - WARNING - Unknown option passed to Flask-CORS: support_credentials
2024-08-25 22:18:16,289 - WARNING - Unknown option passed to Flask-CORS: support_credentials
2024-08-25 22:18:16,290 - WARNING - Unknown option passed to Flask-CORS: support_credentials
2024-08-25 22:18:16,321 - WARNING - Unknown option passed to Flask-CORS: support_credentials
2024-08-25 22:18:16,321 - WARNING - Unknown option passed to Flask-CORS: support_credentials
2024-08-25 22:18:16,364 - WARNING - Unknown option passed to Flask-CORS: support_credentials
2024-08-25 22:18:16,364 - WARNING - Unknown option passed to Flask-CORS: support_credentials
2024-08-25 22:18:16,377 - WARNING - Unknown option passed to Flask-CORS: support_credentials
2024-08-25 22:18:16,377 - WARNING - Unknown option passed to Flask-CORS: support_credentials
2024-08-25 22:18:16,379 - WARNING - Unknown option passed to Flask-CORS: support_credentials
2024-08-25 22:18:16,379 - WARNING - Unknown option passed to Flask-CORS: support_credentials
2024-08-25 22:18:16,418 - WARNING - Unknown option passed to Flask-CORS: support_credentials
2024-08-25 22:18:16,418 - WARNING - Unknown option passed to Flask-CORS: support_credentials
2024-08-25 22:18:16,433 - WARNING - Unknown option passed to Flask-CORS: support_credentials
2024-08-25 22:18:16,433 - WARNING - Unknown option passed to Flask-CORS: support_credentials
2024-08-25 22:19:31,798 - ERROR - No known encodings found. Encoding new face. UID: shaganan
2024-08-25 22:19:32,837 - ERROR - No known encodings found. Encoding new face. UID: shaganan
2024-08-25 22:19:33,738 - ERROR - No known encodings found. Encoding new face. UID: shaganan
2024-08-25 22:19:34,776 - ERROR - No known encodings found. Encoding new face. UID: shaganan
2024-08-25 22:19:36,064 - ERROR - No known encodings found. Encoding new face. UID: shaganan
2024-08-25 22:19:39,176 - ERROR - No known encodings found. Encoding new face. UID: shaganan
2024-08-25 22:19:40,983 - ERROR - No known encodings found. Encoding new face. UID: shaganan
2024-08-25 22:19:42,733 - ERROR - No known encodings found. Encoding new face. UID: shaganan
2024-08-25 22:20:02,432 - ERROR - No known encodings found. Encoding new face. UID: chippy
2024-08-25 22:20:03,724 - ERROR - No known encodings found. Encoding new face. UID: chippy
2024-08-25 22:20:07,665 - ERROR - No known encodings found. Encoding new face. UID: chippy
2024-08-25 22:20:11,035 - ERROR - No known encodings found. Encoding new face. UID: chippy
2024-08-25 22:20:15,191 - ERROR - No known encodings found. Encoding new face. UID: chippy
2024-08-25 22:20:17,701 - ERROR - No known encodings found. Encoding new face. UID: chippy
2024-08-25 22:20:19,047 - ERROR - No known encodings found. Encoding new face. UID: chippy
2024-08-25 22:21:35,351 - ERROR - No known encodings found. Encoding new face. UID: chippy
2024-08-25 22:25:41,084 - WARNING - Unknown option passed to Flask-CORS: support_credentials
2024-08-25 22:25:41,084 - WARNING - Unknown option passed to Flask-CORS: support_credentials
2024-08-25 22:25:41,100 - WARNING - Unknown option passed to Flask-CORS: support_credentials
2024-08-25 22:25:41,100 - WARNING - Unknown option passed to Flask-CORS: support_credentials
2024-08-25 22:25:41,120 - WARNING - Unknown option passed to Flask-CORS: support_credentials
2024-08-25 22:25:41,120 - WARNING - Unknown option passed to Flask-CORS: support_credentials
2024-08-25 22:25:41,186 - WARNING - Unknown option passed to Flask-CORS: support_credentials
2024-08-25 22:25:41,187 - WARNING - Unknown option passed to Flask-CORS: support_credentials
2024-08-25 22:25:41,249 - WARNING - Unknown option passed to Flask-CORS: support_credentials
2024-08-25 22:25:41,249 - WARNING - Unknown option passed to Flask-CORS: support_credentials
2024-08-25 22:25:41,254 - WARNING - Unknown option passed to Flask-CORS: support_credentials
2024-08-25 22:25:41,254 - WARNING - Unknown option passed to Flask-CORS: support_credentials
2024-08-25 22:25:41,300 - WARNING - Unknown option passed to Flask-CORS: support_credentials
2024-08-25 22:25:41,300 - WARNING - Unknown option passed to Flask-CORS: support_credentials
2024-08-25 22:25:41,321 - WARNING - Unknown option passed to Flask-CORS: support_credentials
2024-08-25 22:25:41,322 - WARNING - Unknown option passed to Flask-CORS: support_credentials
2024-08-26 10:14:28,223 - WARNING - Unknown option passed to Flask-CORS: support_credentials
2024-08-26 10:14:28,225 - WARNING - Unknown option passed to Flask-CORS: support_credentials
2024-08-26 13:57:10,169 - ERROR - No known encodings found. Encoding new face. UID: USER20231228104528517
2024-08-26 14:31:23,149 - ERROR - No known encodings found. Encoding new face. UID: USER20231228104528517
2024-08-26 14:31:55,765 - ERROR - No known encodings found. Encoding new face. UID: USER20231228104528517
2024-08-26 19:15:04,530 - ERROR - No known encodings found. Encoding new face. UID: USER20231228104528517
2024-08-26 19:17:10,666 - ERROR - No known encodings found. Encoding new face. UID: USER20231228104528517
2024-08-26 19:17:25,666 - ERROR - No known encodings found. Encoding new face. UID: USER20231228104528517
2024-08-26 19:22:59,206 - ERROR - No known encodings found. Encoding new face. UID: USER20231228104528517
2024-08-26 20:03:32,395 - ERROR - No known encodings found. Encoding new face. UID: USER20231228104528517
2024-08-26 20:06:31,923 - ERROR - No known encodings found. Encoding new face. UID: USER20231228104528517
2024-08-26 20:14:37,976 - ERROR - No known encodings found. Encoding new face. UID: USER20231228104528517
2024-08-26 20:17:38,959 - ERROR - No known encodings found. Encoding new face. UID: USER20231228104528517
2024-08-26 20:49:29,299 - ERROR - Exception on /FaceCompareBase64 [POST]
Traceback (most recent call last):
  File "/home/shaganan/server/InstantDigitsApi2/venv/lib/python3.12/site-packages/flask/app.py", line 1473, in wsgi_app
    response = self.full_dispatch_request()
               ^^^^^^^^^^^^^^^^^^^^^^^^^^^^
  File "/home/shaganan/server/InstantDigitsApi2/venv/lib/python3.12/site-packages/flask/app.py", line 882, in full_dispatch_request
    rv = self.handle_user_exception(e)
         ^^^^^^^^^^^^^^^^^^^^^^^^^^^^^
  File "/home/shaganan/server/InstantDigitsApi2/venv/lib/python3.12/site-packages/flask_cors/extension.py", line 178, in wrapped_function
    return cors_after_request(app.make_response(f(*args, **kwargs)))
                                                ^^^^^^^^^^^^^^^^^^
  File "/home/shaganan/server/InstantDigitsApi2/venv/lib/python3.12/site-packages/flask/app.py", line 880, in full_dispatch_request
    rv = self.dispatch_request()
         ^^^^^^^^^^^^^^^^^^^^^^^
  File "/home/shaganan/server/InstantDigitsApi2/venv/lib/python3.12/site-packages/flask/app.py", line 865, in dispatch_request
    return self.ensure_sync(self.view_functions[rule.endpoint])(**view_args)  # type: ignore[no-any-return]
           ^^^^^^^^^^^^^^^^^^^^^^^^^^^^^^^^^^^^^^^^^^^^^^^^^^^^^^^^^^^^^^^^^
  File "/home/shaganan/server/InstantDigitsApi2/app.py", line 24, in faceCompareBase64
    uid = data['uid']
          ~~~~^^^^^^^
KeyError: 'uid'
2024-08-26 21:09:28,131 - ERROR - No known encodings found. Encoding new face. UID: USER20240127104934590
2024-08-26 21:09:38,573 - ERROR - No known encodings found. Encoding new face. UID: USER20240127104934590
2024-08-26 21:10:03,952 - ERROR - No known encodings found. Encoding new face. UID: USER20240127104934590
2024-08-26 21:10:57,677 - ERROR - No known encodings found. Encoding new face. UID: USER20240127104934590
2024-08-26 21:27:33,704 - ERROR - No known encodings found. Encoding new face. UID: USER20240127104934590
2024-08-26 21:29:50,524 - ERROR - No known encodings found. Encoding new face. UID: USER20240127104934590
2024-08-26 21:41:23,038 - ERROR - No known encodings found. Encoding new face. UID: USER20240127104934590
2024-08-27 10:23:09,396 - ERROR - No known encodings found. Encoding new face. UID: USER20240127104934590
2024-08-27 22:54:58,941 - ERROR - No known encodings found. Encoding new face. UID: USER20240808145228297
2024-08-27 22:55:03,982 - ERROR - No known encodings found. Encoding new face. UID: USER20240808145228297
2024-08-28 06:26:25,220 - ERROR - No known encodings found. Encoding new face. UID: USER20240809125952371
2024-08-28 06:52:06,231 - ERROR - No known encodings found. Encoding new face. UID: USER20240607081757383
2024-08-28 06:55:28,651 - ERROR - No known encodings found. Encoding new face. UID: USER20240808145228297
2024-08-28 07:46:30,864 - ERROR - No known encodings found. Encoding new face. UID: USER20240111121909629
2024-08-28 07:58:40,113 - ERROR - No known encodings found. Encoding new face. UID: USER20240531125920839
2024-08-28 11:10:28,879 - ERROR - No known encodings found. Encoding new face. UID: USER20240607081757383
2024-08-28 14:30:18,521 - ERROR - No known encodings found. Encoding new face. UID: USER20240809125952371
2024-08-28 14:47:13,216 - ERROR - No known encodings found. Encoding new face. UID: USER20240111121909629
2024-08-28 16:00:38,249 - ERROR - No known encodings found. Encoding new face. UID: USER20240531125920839
2024-08-29 06:24:54,898 - ERROR - No known encodings found. Encoding new face. UID: USER20240809125952371
2024-08-29 06:49:23,592 - ERROR - No known encodings found. Encoding new face. UID: USER20240106121142915
2024-08-29 06:56:36,323 - ERROR - No known encodings found. Encoding new face. UID: USER20240808145228297
2024-08-29 06:58:27,943 - ERROR - No known encodings found. Encoding new face. UID: USER20240212105311349
2024-08-29 07:03:36,345 - ERROR - No known encodings found. Encoding new face. UID: USER20240201152908592
2024-08-29 07:31:26,376 - ERROR - No known encodings found. Encoding new face. UID: USER20240611110230162
2024-08-29 07:32:48,397 - ERROR - No known encodings found. Encoding new face. UID: USER20240611110230162
2024-08-29 07:33:06,950 - ERROR - No known encodings found. Encoding new face. UID: USER20240611110230162
2024-08-29 07:50:59,625 - ERROR - No known encodings found. Encoding new face. UID: USER20240531125920839
2024-08-29 07:58:31,137 - ERROR - No known encodings found. Encoding new face. UID: USER20240111121909629
2024-08-29 08:02:40,978 - ERROR - No known encodings found. Encoding new face. UID: USER20240106122240033
2024-08-29 14:29:20,189 - ERROR - No known encodings found. Encoding new face. UID: USER20240106121142915
2024-08-29 14:31:42,237 - ERROR - No known encodings found. Encoding new face. UID: USER20240809125952371
2024-08-29 14:59:07,754 - ERROR - No known encodings found. Encoding new face. UID: USER20240201152908592
2024-08-29 15:01:04,278 - ERROR - No known encodings found. Encoding new face. UID: USER20240212105311349
2024-08-29 15:03:03,119 - ERROR - No known encodings found. Encoding new face. UID: USER20240111121909629
2024-08-29 15:33:30,378 - ERROR - No known encodings found. Encoding new face. UID: USER20240611110230162
2024-08-29 15:38:40,192 - ERROR - No known encodings found. Encoding new face. UID: USER20240106122240033
2024-08-29 16:00:22,373 - ERROR - No known encodings found. Encoding new face. UID: USER20240531125920839
2024-08-29 18:45:39,229 - ERROR - No known encodings found. Encoding new face. UID: USER20240327115324859
2024-08-29 22:03:46,802 - ERROR - No known encodings found. Encoding new face. UID: USER20240327115324859
2024-08-29 23:00:43,400 - ERROR - No known encodings found. Encoding new face. UID: USER20240201153030910
2024-08-30 06:15:54,237 - ERROR - No known encodings found. Encoding new face. UID: USER20240106122240033
2024-08-30 06:19:14,816 - ERROR - No known encodings found. Encoding new face. UID: USER20240809125952371
2024-08-30 06:19:33,547 - ERROR - No known encodings found. Encoding new face. UID: USER20240111121909629
2024-08-30 06:50:13,931 - ERROR - No known encodings found. Encoding new face. UID: USER20240607081757383
2024-08-30 07:03:33,577 - ERROR - No known encodings found. Encoding new face. UID: USER20240201152908592
2024-08-30 07:04:32,136 - ERROR - No known encodings found. Encoding new face. UID: USER20240212105311349
2024-08-30 11:20:29,950 - ERROR - No known encodings found. Encoding new face. UID: USER20240607081757383
2024-08-30 11:20:29,994 - ERROR - No known encodings found. Encoding new face. UID: USER20240212105233204
2024-08-30 14:31:57,395 - ERROR - No known encodings found. Encoding new face. UID: USER20240809125952371
2024-08-30 14:49:13,661 - ERROR - No known encodings found. Encoding new face. UID: USER20240111121909629
2024-08-30 15:00:35,905 - ERROR - No known encodings found. Encoding new face. UID: USER20240212105311349
2024-08-30 15:01:32,860 - ERROR - No known encodings found. Encoding new face. UID: USER20240201153030910
2024-08-30 15:30:33,951 - ERROR - No known encodings found. Encoding new face. UID: USER20240106122240033
2024-08-30 16:00:16,851 - ERROR - No known encodings found. Encoding new face. UID: USER20240531125920839
2024-08-30 16:37:36,265 - ERROR - No known encodings found. Encoding new face. UID: USER20240212105233204
2024-08-30 18:30:25,774 - ERROR - No known encodings found. Encoding new face. UID: USER20240611110230162
2024-08-30 23:00:33,396 - ERROR - No known encodings found. Encoding new face. UID: USER20240201153030910
2024-08-30 23:00:33,659 - ERROR - No known encodings found. Encoding new face. UID: USER20240201153030910
2024-08-30 23:00:33,839 - ERROR - No known encodings found. Encoding new face. UID: USER20240201153030910
2024-09-02 01:27:26,463 - WARNING - Unknown option passed to Flask-CORS: support_credentials
2024-09-02 01:27:26,463 - WARNING - Unknown option passed to Flask-CORS: support_credentials
2024-09-02 01:27:26,463 - WARNING - Unknown option passed to Flask-CORS: support_credentials
2024-09-02 01:27:26,464 - WARNING - Unknown option passed to Flask-CORS: support_credentials
2024-09-02 01:27:26,464 - WARNING - Unknown option passed to Flask-CORS: support_credentials
2024-09-02 01:27:26,464 - WARNING - Unknown option passed to Flask-CORS: support_credentials
2024-09-02 01:27:26,486 - WARNING - Unknown option passed to Flask-CORS: support_credentials
2024-09-02 01:27:26,486 - WARNING - Unknown option passed to Flask-CORS: support_credentials
2024-09-02 01:27:26,489 - WARNING - Unknown option passed to Flask-CORS: support_credentials
2024-09-02 01:27:26,490 - WARNING - Unknown option passed to Flask-CORS: support_credentials
2024-09-02 01:27:26,533 - WARNING - Unknown option passed to Flask-CORS: support_credentials
2024-09-02 01:27:26,534 - WARNING - Unknown option passed to Flask-CORS: support_credentials
2024-09-02 01:27:26,548 - WARNING - Unknown option passed to Flask-CORS: support_credentials
2024-09-02 01:27:26,549 - WARNING - Unknown option passed to Flask-CORS: support_credentials
2024-09-02 01:27:26,615 - WARNING - Unknown option passed to Flask-CORS: support_credentials
2024-09-02 01:27:26,615 - WARNING - Unknown option passed to Flask-CORS: support_credentials
2024-09-02 11:24:27,599 - WARNING - Unknown option passed to Flask-CORS: support_credentials
2024-09-02 11:24:27,599 - WARNING - Unknown option passed to Flask-CORS: support_credentials
2024-09-02 11:24:27,599 - WARNING - Unknown option passed to Flask-CORS: support_credentials
2024-09-02 11:24:27,599 - WARNING - Unknown option passed to Flask-CORS: support_credentials
2024-09-02 11:24:27,599 - WARNING - Unknown option passed to Flask-CORS: support_credentials
2024-09-02 11:24:27,599 - WARNING - Unknown option passed to Flask-CORS: support_credentials
2024-09-02 11:24:27,600 - WARNING - Unknown option passed to Flask-CORS: support_credentials
2024-09-02 11:24:27,600 - WARNING - Unknown option passed to Flask-CORS: support_credentials
2024-09-02 11:24:27,599 - WARNING - Unknown option passed to Flask-CORS: support_credentials
2024-09-02 11:24:27,600 - WARNING - Unknown option passed to Flask-CORS: support_credentials
2024-09-02 11:24:27,599 - WARNING - Unknown option passed to Flask-CORS: support_credentials
2024-09-02 11:24:27,600 - WARNING - Unknown option passed to Flask-CORS: support_credentials
2024-09-02 11:24:27,600 - WARNING - Unknown option passed to Flask-CORS: support_credentials
2024-09-02 11:24:27,600 - WARNING - Unknown option passed to Flask-CORS: support_credentials
2024-09-02 11:24:27,600 - WARNING - Unknown option passed to Flask-CORS: support_credentials
2024-09-02 11:24:27,600 - WARNING - Unknown option passed to Flask-CORS: support_credentials
2024-09-02 14:08:18,335 - WARNING - Unknown option passed to Flask-CORS: support_credentials
2024-09-02 14:08:18,335 - WARNING - Unknown option passed to Flask-CORS: support_credentials
2024-09-02 14:08:18,344 - INFO - [31m[1mWARNING: This is a development server. Do not use it in a production deployment. Use a production WSGI server instead.[0m
 * Running on all addresses (0.0.0.0)
 * Running on http://127.0.0.1:5000
 * Running on http://10.0.0.130:5000
2024-09-02 14:08:18,344 - INFO - [33mPress CTRL+C to quit[0m
2024-09-02 14:08:18,345 - INFO -  * Restarting with stat
2024-09-02 14:08:19,391 - WARNING - Unknown option passed to Flask-CORS: support_credentials
2024-09-02 14:08:19,391 - WARNING - Unknown option passed to Flask-CORS: support_credentials
2024-09-02 14:08:19,399 - WARNING -  * Debugger is active!
2024-09-02 14:08:19,401 - INFO -  * Debugger PIN: 731-889-132
2024-09-02 14:08:25,211 - INFO - 127.0.0.1 - - [02/Sep/2024 14:08:25] "POST /FaceCompareBase64 HTTP/1.1" 200 -
2024-09-02 14:08:26,536 - INFO - 127.0.0.1 - - [02/Sep/2024 14:08:26] "POST /FaceCompareBase64 HTTP/1.1" 200 -
2024-09-02 14:08:29,039 - INFO - 127.0.0.1 - - [02/Sep/2024 14:08:29] "POST /FaceCompareBase64 HTTP/1.1" 200 -
2024-09-02 14:08:29,850 - INFO - 127.0.0.1 - - [02/Sep/2024 14:08:29] "POST /FaceCompareBase64 HTTP/1.1" 200 -
2024-09-02 14:08:30,484 - INFO - 127.0.0.1 - - [02/Sep/2024 14:08:30] "POST /FaceCompareBase64 HTTP/1.1" 200 -
2024-09-02 14:08:30,637 - INFO - 127.0.0.1 - - [02/Sep/2024 14:08:30] "POST /FaceCompareBase64 HTTP/1.1" 200 -
2024-09-02 14:08:30,990 - INFO - 127.0.0.1 - - [02/Sep/2024 14:08:30] "POST /FaceCompareBase64 HTTP/1.1" 200 -
2024-09-02 14:08:31,542 - INFO - 127.0.0.1 - - [02/Sep/2024 14:08:31] "POST /FaceCompareBase64 HTTP/1.1" 200 -
2024-09-02 14:08:31,937 - INFO - 127.0.0.1 - - [02/Sep/2024 14:08:31] "POST /FaceCompareBase64 HTTP/1.1" 200 -
2024-09-02 14:08:32,519 - INFO - 127.0.0.1 - - [02/Sep/2024 14:08:32] "POST /FaceCompareBase64 HTTP/1.1" 200 -
2024-09-02 14:08:32,655 - INFO - 127.0.0.1 - - [02/Sep/2024 14:08:32] "POST /FaceCompareBase64 HTTP/1.1" 200 -
2024-09-02 14:08:33,208 - INFO - 127.0.0.1 - - [02/Sep/2024 14:08:33] "POST /FaceCompareBase64 HTTP/1.1" 200 -
2024-09-02 14:08:33,332 - INFO - 127.0.0.1 - - [02/Sep/2024 14:08:33] "POST /FaceCompareBase64 HTTP/1.1" 200 -
2024-09-02 14:08:33,723 - INFO - 127.0.0.1 - - [02/Sep/2024 14:08:33] "POST /FaceCompareBase64 HTTP/1.1" 200 -
2024-09-02 14:08:34,009 - INFO - 127.0.0.1 - - [02/Sep/2024 14:08:34] "POST /FaceCompareBase64 HTTP/1.1" 200 -
2024-09-02 14:08:34,399 - INFO - 127.0.0.1 - - [02/Sep/2024 14:08:34] "POST /FaceCompareBase64 HTTP/1.1" 200 -
2024-09-02 14:08:44,714 - INFO - 127.0.0.1 - - [02/Sep/2024 14:08:44] "POST /DeleteADoc HTTP/1.1" 200 -
2024-09-02 14:08:44,716 - INFO - 127.0.0.1 - - [02/Sep/2024 14:08:44] "POST /QueryACollection HTTP/1.1" 200 -
2024-09-02 14:08:48,220 - INFO - 127.0.0.1 - - [02/Sep/2024 14:08:48] "POST /DeleteADoc HTTP/1.1" 200 -
2024-09-02 14:08:48,222 - INFO - 127.0.0.1 - - [02/Sep/2024 14:08:48] "POST /QueryACollection HTTP/1.1" 200 -
2024-09-02 14:09:25,426 - INFO -  * Detected change in '/home/shaganan/server/InstantDigitsApi2/MangoDB/dbOperations.py', reloading
2024-09-02 14:09:25,841 - INFO -  * Restarting with stat
2024-09-02 14:09:26,826 - WARNING - Unknown option passed to Flask-CORS: support_credentials
2024-09-02 14:09:26,826 - WARNING - Unknown option passed to Flask-CORS: support_credentials
2024-09-02 14:09:26,834 - WARNING -  * Debugger is active!
2024-09-02 14:09:26,836 - INFO -  * Debugger PIN: 731-889-132
2024-09-02 14:09:36,507 - INFO - 127.0.0.1 - - [02/Sep/2024 14:09:36] "POST /DeleteADoc HTTP/1.1" 200 -
2024-09-02 14:09:36,510 - INFO - 127.0.0.1 - - [02/Sep/2024 14:09:36] "POST /QueryACollection HTTP/1.1" 200 -
2024-09-02 14:09:50,079 - INFO - 127.0.0.1 - - [02/Sep/2024 14:09:50] "POST /FaceCompareBase64 HTTP/1.1" 200 -
2024-09-02 14:09:51,506 - INFO - 127.0.0.1 - - [02/Sep/2024 14:09:51] "POST /FaceCompareBase64 HTTP/1.1" 200 -
2024-09-02 14:09:54,084 - INFO - 127.0.0.1 - - [02/Sep/2024 14:09:54] "POST /FaceCompareBase64 HTTP/1.1" 200 -
2024-09-02 14:09:55,063 - INFO - 127.0.0.1 - - [02/Sep/2024 14:09:55] "POST /FaceCompareBase64 HTTP/1.1" 200 -
2024-09-02 14:09:55,691 - INFO - 127.0.0.1 - - [02/Sep/2024 14:09:55] "POST /FaceCompareBase64 HTTP/1.1" 200 -
2024-09-02 14:09:55,841 - INFO - 127.0.0.1 - - [02/Sep/2024 14:09:55] "POST /FaceCompareBase64 HTTP/1.1" 200 -
2024-09-02 14:09:56,191 - INFO - 127.0.0.1 - - [02/Sep/2024 14:09:56] "POST /FaceCompareBase64 HTTP/1.1" 200 -
2024-09-02 14:09:56,732 - INFO - 127.0.0.1 - - [02/Sep/2024 14:09:56] "POST /FaceCompareBase64 HTTP/1.1" 200 -
2024-09-02 14:09:57,119 - INFO - 127.0.0.1 - - [02/Sep/2024 14:09:57] "POST /FaceCompareBase64 HTTP/1.1" 200 -
2024-09-02 14:09:57,695 - INFO - 127.0.0.1 - - [02/Sep/2024 14:09:57] "POST /FaceCompareBase64 HTTP/1.1" 200 -
2024-09-02 14:09:57,829 - INFO - 127.0.0.1 - - [02/Sep/2024 14:09:57] "POST /FaceCompareBase64 HTTP/1.1" 200 -
2024-09-02 14:09:58,376 - INFO - 127.0.0.1 - - [02/Sep/2024 14:09:58] "POST /FaceCompareBase64 HTTP/1.1" 200 -
2024-09-02 14:09:58,499 - INFO - 127.0.0.1 - - [02/Sep/2024 14:09:58] "POST /FaceCompareBase64 HTTP/1.1" 200 -
2024-09-02 14:09:58,884 - INFO - 127.0.0.1 - - [02/Sep/2024 14:09:58] "POST /FaceCompareBase64 HTTP/1.1" 200 -
2024-09-02 14:09:59,167 - INFO - 127.0.0.1 - - [02/Sep/2024 14:09:59] "POST /FaceCompareBase64 HTTP/1.1" 200 -
2024-09-02 14:09:59,555 - INFO - 127.0.0.1 - - [02/Sep/2024 14:09:59] "POST /FaceCompareBase64 HTTP/1.1" 200 -
2024-09-02 14:10:17,329 - INFO - 127.0.0.1 - - [02/Sep/2024 14:10:17] "POST /DeleteADoc HTTP/1.1" 200 -
2024-09-02 14:10:17,331 - INFO - 127.0.0.1 - - [02/Sep/2024 14:10:17] "POST /QueryACollection HTTP/1.1" 200 -
2024-09-02 14:10:19,027 - INFO - 127.0.0.1 - - [02/Sep/2024 14:10:19] "POST /DeleteADoc HTTP/1.1" 200 -
2024-09-02 14:10:19,029 - INFO - 127.0.0.1 - - [02/Sep/2024 14:10:19] "POST /QueryACollection HTTP/1.1" 200 -
2024-09-02 14:11:43,618 - WARNING - Unknown option passed to Flask-CORS: support_credentials
2024-09-02 14:11:43,618 - WARNING - Unknown option passed to Flask-CORS: support_credentials
2024-09-02 14:11:43,669 - WARNING - Unknown option passed to Flask-CORS: support_credentials
2024-09-02 14:11:43,669 - WARNING - Unknown option passed to Flask-CORS: support_credentials
2024-09-02 14:11:43,797 - WARNING - Unknown option passed to Flask-CORS: support_credentials
2024-09-02 14:11:43,798 - WARNING - Unknown option passed to Flask-CORS: support_credentials
2024-09-02 14:11:43,827 - WARNING - Unknown option passed to Flask-CORS: support_credentials
2024-09-02 14:11:43,827 - WARNING - Unknown option passed to Flask-CORS: support_credentials
2024-09-02 14:11:43,880 - WARNING - Unknown option passed to Flask-CORS: support_credentials
2024-09-02 14:11:43,880 - WARNING - Unknown option passed to Flask-CORS: support_credentials
2024-09-02 14:11:43,914 - WARNING - Unknown option passed to Flask-CORS: support_credentials
2024-09-02 14:11:43,914 - WARNING - Unknown option passed to Flask-CORS: support_credentials
2024-09-02 14:11:43,927 - WARNING - Unknown option passed to Flask-CORS: support_credentials
2024-09-02 14:11:43,928 - WARNING - Unknown option passed to Flask-CORS: support_credentials
2024-09-02 14:11:43,966 - WARNING - Unknown option passed to Flask-CORS: support_credentials
2024-09-02 14:11:43,966 - WARNING - Unknown option passed to Flask-CORS: support_credentials
2024-09-05 18:09:13,097 - WARNING - Unknown option passed to Flask-CORS: support_credentials
2024-09-05 18:09:13,097 - WARNING - Unknown option passed to Flask-CORS: support_credentials
2024-09-05 18:09:13,108 - WARNING - Unknown option passed to Flask-CORS: support_credentials
2024-09-05 18:09:13,109 - WARNING - Unknown option passed to Flask-CORS: support_credentials
2024-09-05 18:09:13,112 - WARNING - Unknown option passed to Flask-CORS: support_credentials
2024-09-05 18:09:13,112 - WARNING - Unknown option passed to Flask-CORS: support_credentials
2024-09-05 18:09:13,149 - WARNING - Unknown option passed to Flask-CORS: support_credentials
2024-09-05 18:09:13,150 - WARNING - Unknown option passed to Flask-CORS: support_credentials
2024-09-05 18:09:13,156 - WARNING - Unknown option passed to Flask-CORS: support_credentials
2024-09-05 18:09:13,156 - WARNING - Unknown option passed to Flask-CORS: support_credentials
2024-09-05 18:09:13,162 - WARNING - Unknown option passed to Flask-CORS: support_credentials
2024-09-05 18:09:13,163 - WARNING - Unknown option passed to Flask-CORS: support_credentials
2024-09-05 18:09:13,194 - WARNING - Unknown option passed to Flask-CORS: support_credentials
2024-09-05 18:09:13,195 - WARNING - Unknown option passed to Flask-CORS: support_credentials
2024-09-05 18:09:13,217 - WARNING - Unknown option passed to Flask-CORS: support_credentials
2024-09-05 18:09:13,218 - WARNING - Unknown option passed to Flask-CORS: support_credentials
2024-09-05 19:35:43,927 - WARNING - Unknown option passed to Flask-CORS: support_credentials
2024-09-05 19:35:43,927 - WARNING - Unknown option passed to Flask-CORS: support_credentials
2024-09-05 19:35:43,942 - INFO - [31m[1mWARNING: This is a development server. Do not use it in a production deployment. Use a production WSGI server instead.[0m
 * Running on all addresses (0.0.0.0)
 * Running on http://127.0.0.1:5000
 * Running on http://10.0.0.130:5000
2024-09-05 19:35:43,942 - INFO - [33mPress CTRL+C to quit[0m
2024-09-05 19:35:43,943 - INFO -  * Restarting with stat
2024-09-05 19:35:45,035 - WARNING - Unknown option passed to Flask-CORS: support_credentials
2024-09-05 19:35:45,036 - WARNING - Unknown option passed to Flask-CORS: support_credentials
2024-09-05 19:35:45,044 - WARNING -  * Debugger is active!
2024-09-05 19:35:45,052 - INFO -  * Debugger PIN: 134-706-370
2024-09-05 19:38:00,887 - WARNING - Unknown option passed to Flask-CORS: support_credentials
2024-09-05 19:38:00,887 - WARNING - Unknown option passed to Flask-CORS: support_credentials
2024-09-05 19:38:01,523 - INFO - [31m[1mWARNING: This is a development server. Do not use it in a production deployment. Use a production WSGI server instead.[0m
 * Running on all addresses (0.0.0.0)
 * Running on http://127.0.0.1:5000
 * Running on http://10.0.0.130:5000
2024-09-05 19:38:01,523 - INFO - [33mPress CTRL+C to quit[0m
2024-09-05 19:38:10,189 - INFO - 127.0.0.1 - - [05/Sep/2024 19:38:10] "POST /QueryACollection HTTP/1.1" 200 -
2024-09-05 19:38:16,807 - INFO - 127.0.0.1 - - [05/Sep/2024 19:38:16] "POST /QueryACollection HTTP/1.1" 200 -
2024-09-05 19:38:22,644 - INFO - 127.0.0.1 - - [05/Sep/2024 19:38:22] "POST /QueryACollection HTTP/1.1" 200 -
2024-09-05 19:38:22,763 - INFO - 127.0.0.1 - - [05/Sep/2024 19:38:22] "POST /QueryACollection HTTP/1.1" 200 -
2024-09-05 19:38:22,776 - INFO - 127.0.0.1 - - [05/Sep/2024 19:38:22] "POST /IntelliGoldSpecialTasks HTTP/1.1" 200 -
2024-09-05 19:38:38,458 - INFO - 127.0.0.1 - - [05/Sep/2024 19:38:38] "POST /UpdateADoc HTTP/1.1" 200 -
2024-09-05 19:38:42,103 - INFO - 127.0.0.1 - - [05/Sep/2024 19:38:42] "POST /IntelliGoldSpecialTasks HTTP/1.1" 200 -
2024-09-05 19:38:42,137 - INFO - 127.0.0.1 - - [05/Sep/2024 19:38:42] "POST /QueryACollection HTTP/1.1" 200 -
2024-09-05 19:38:55,924 - INFO - 127.0.0.1 - - [05/Sep/2024 19:38:55] "POST /IntelliGoldSpecialTasks HTTP/1.1" 200 -
2024-09-05 19:38:56,231 - INFO - 127.0.0.1 - - [05/Sep/2024 19:38:56] "POST /UpdateADoc HTTP/1.1" 200 -
2024-09-05 19:38:56,538 - INFO - 127.0.0.1 - - [05/Sep/2024 19:38:56] "POST /QueryACollection HTTP/1.1" 200 -
2024-09-05 19:38:56,552 - INFO - 127.0.0.1 - - [05/Sep/2024 19:38:56] "POST /IntelliGoldSpecialTasks HTTP/1.1" 200 -
2024-09-05 19:39:04,935 - INFO - 127.0.0.1 - - [05/Sep/2024 19:39:04] "POST /QueryACollection HTTP/1.1" 200 -
2024-09-05 19:39:37,792 - WARNING - Unknown option passed to Flask-CORS: support_credentials
2024-09-05 19:39:37,792 - WARNING - Unknown option passed to Flask-CORS: support_credentials
2024-09-05 19:39:37,962 - WARNING - Unknown option passed to Flask-CORS: support_credentials
2024-09-05 19:39:37,963 - WARNING - Unknown option passed to Flask-CORS: support_credentials
2024-09-05 19:39:37,979 - WARNING - Unknown option passed to Flask-CORS: support_credentials
2024-09-05 19:39:37,979 - WARNING - Unknown option passed to Flask-CORS: support_credentials
2024-09-05 19:39:37,994 - WARNING - Unknown option passed to Flask-CORS: support_credentials
2024-09-05 19:39:37,994 - WARNING - Unknown option passed to Flask-CORS: support_credentials
2024-09-05 19:39:38,031 - WARNING - Unknown option passed to Flask-CORS: support_credentials
2024-09-05 19:39:38,031 - WARNING - Unknown option passed to Flask-CORS: support_credentials
2024-09-05 19:39:38,032 - WARNING - Unknown option passed to Flask-CORS: support_credentials
2024-09-05 19:39:38,032 - WARNING - Unknown option passed to Flask-CORS: support_credentials
2024-09-05 19:39:38,142 - WARNING - Unknown option passed to Flask-CORS: support_credentials
2024-09-05 19:39:38,142 - WARNING - Unknown option passed to Flask-CORS: support_credentials
2024-09-05 19:39:38,146 - WARNING - Unknown option passed to Flask-CORS: support_credentials
2024-09-05 19:39:38,147 - WARNING - Unknown option passed to Flask-CORS: support_credentials
2024-09-05 19:41:20,135 - WARNING - Unknown option passed to Flask-CORS: support_credentials
2024-09-05 19:41:20,136 - WARNING - Unknown option passed to Flask-CORS: support_credentials
2024-09-05 19:41:20,279 - WARNING - Unknown option passed to Flask-CORS: support_credentials
2024-09-05 19:41:20,279 - WARNING - Unknown option passed to Flask-CORS: support_credentials
2024-09-05 19:41:20,327 - WARNING - Unknown option passed to Flask-CORS: support_credentials
2024-09-05 19:41:20,328 - WARNING - Unknown option passed to Flask-CORS: support_credentials
2024-09-05 19:41:20,427 - WARNING - Unknown option passed to Flask-CORS: support_credentials
2024-09-05 19:41:20,427 - WARNING - Unknown option passed to Flask-CORS: support_credentials
2024-09-05 19:41:20,446 - WARNING - Unknown option passed to Flask-CORS: support_credentials
2024-09-05 19:41:20,446 - WARNING - Unknown option passed to Flask-CORS: support_credentials
2024-09-05 19:41:20,463 - WARNING - Unknown option passed to Flask-CORS: support_credentials
2024-09-05 19:41:20,463 - WARNING - Unknown option passed to Flask-CORS: support_credentials
2024-09-05 19:41:20,472 - WARNING - Unknown option passed to Flask-CORS: support_credentials
2024-09-05 19:41:20,472 - WARNING - Unknown option passed to Flask-CORS: support_credentials
2024-09-05 19:41:20,522 - WARNING - Unknown option passed to Flask-CORS: support_credentials
2024-09-05 19:41:20,522 - WARNING - Unknown option passed to Flask-CORS: support_credentials
2024-09-05 19:46:03,209 - WARNING - Unknown option passed to Flask-CORS: support_credentials
2024-09-05 19:46:03,209 - WARNING - Unknown option passed to Flask-CORS: support_credentials
2024-09-05 19:46:03,218 - INFO - [31m[1mWARNING: This is a development server. Do not use it in a production deployment. Use a production WSGI server instead.[0m
 * Running on all addresses (0.0.0.0)
 * Running on http://127.0.0.1:5000
 * Running on http://10.0.0.130:5000
2024-09-05 19:46:03,218 - INFO - [33mPress CTRL+C to quit[0m
2024-09-05 19:46:03,218 - INFO -  * Restarting with stat
2024-09-05 19:46:04,222 - WARNING - Unknown option passed to Flask-CORS: support_credentials
2024-09-05 19:46:04,222 - WARNING - Unknown option passed to Flask-CORS: support_credentials
2024-09-05 19:46:04,230 - WARNING -  * Debugger is active!
2024-09-05 19:46:04,231 - INFO -  * Debugger PIN: 134-706-370
2024-09-05 19:46:28,024 - WARNING - Unknown option passed to Flask-CORS: support_credentials
2024-09-05 19:46:28,024 - WARNING - Unknown option passed to Flask-CORS: support_credentials
2024-09-05 19:46:28,075 - WARNING - Unknown option passed to Flask-CORS: support_credentials
2024-09-05 19:46:28,076 - WARNING - Unknown option passed to Flask-CORS: support_credentials
2024-09-05 19:46:28,082 - WARNING - Unknown option passed to Flask-CORS: support_credentials
2024-09-05 19:46:28,082 - WARNING - Unknown option passed to Flask-CORS: support_credentials
2024-09-05 19:46:28,176 - WARNING - Unknown option passed to Flask-CORS: support_credentials
2024-09-05 19:46:28,176 - WARNING - Unknown option passed to Flask-CORS: support_credentials
2024-09-05 19:46:28,246 - WARNING - Unknown option passed to Flask-CORS: support_credentials
2024-09-05 19:46:28,246 - WARNING - Unknown option passed to Flask-CORS: support_credentials
2024-09-05 19:46:28,293 - WARNING - Unknown option passed to Flask-CORS: support_credentials
2024-09-05 19:46:28,293 - WARNING - Unknown option passed to Flask-CORS: support_credentials
2024-09-05 19:46:28,310 - WARNING - Unknown option passed to Flask-CORS: support_credentials
2024-09-05 19:46:28,310 - WARNING - Unknown option passed to Flask-CORS: support_credentials
2024-09-05 19:46:28,341 - WARNING - Unknown option passed to Flask-CORS: support_credentials
2024-09-05 19:46:28,341 - WARNING - Unknown option passed to Flask-CORS: support_credentials
2024-09-17 02:09:58,323 - WARNING - Unknown option passed to Flask-CORS: support_credentials
2024-09-17 02:09:58,324 - WARNING - Unknown option passed to Flask-CORS: support_credentials
2024-09-17 02:10:03,351 - INFO - [31m[1mWARNING: This is a development server. Do not use it in a production deployment. Use a production WSGI server instead.[0m
 * Running on all addresses (0.0.0.0)
 * Running on http://127.0.0.1:5000
 * Running on http://216.155.157.204:5000
2024-09-17 02:10:03,351 - INFO - [33mPress CTRL+C to quit[0m
2024-09-17 02:10:03,352 - INFO -  * Restarting with stat
2024-09-17 02:10:05,248 - WARNING - Unknown option passed to Flask-CORS: support_credentials
2024-09-17 02:10:05,248 - WARNING - Unknown option passed to Flask-CORS: support_credentials
2024-09-17 02:10:10,270 - WARNING -  * Debugger is active!
2024-09-17 02:10:10,367 - INFO -  * Debugger PIN: 778-203-603
2024-09-17 02:11:24,265 - WARNING - Unknown option passed to Flask-CORS: support_credentials
2024-09-17 02:11:24,265 - WARNING - Unknown option passed to Flask-CORS: support_credentials
2024-09-17 02:11:29,285 - INFO - [31m[1mWARNING: This is a development server. Do not use it in a production deployment. Use a production WSGI server instead.[0m
 * Running on all addresses (0.0.0.0)
 * Running on http://127.0.0.1:5000
 * Running on http://216.155.157.204:5000
2024-09-17 02:11:29,286 - INFO - [33mPress CTRL+C to quit[0m
2024-09-17 02:11:29,286 - INFO -  * Restarting with stat
2024-09-17 02:11:30,709 - WARNING - Unknown option passed to Flask-CORS: support_credentials
2024-09-17 02:11:30,710 - WARNING - Unknown option passed to Flask-CORS: support_credentials
2024-09-17 02:11:35,728 - WARNING -  * Debugger is active!
2024-09-17 02:11:35,729 - INFO -  * Debugger PIN: 778-203-603
2024-09-17 02:15:31,956 - WARNING - Unknown option passed to Flask-CORS: support_credentials
2024-09-17 02:15:31,956 - WARNING - Unknown option passed to Flask-CORS: support_credentials
2024-09-17 02:15:36,973 - INFO - [31m[1mWARNING: This is a development server. Do not use it in a production deployment. Use a production WSGI server instead.[0m
 * Running on http://127.0.0.1:5000
2024-09-17 02:15:36,974 - INFO - [33mPress CTRL+C to quit[0m
2024-09-17 02:21:41,633 - WARNING - Unknown option passed to Flask-CORS: support_credentials
2024-09-17 02:21:41,634 - WARNING - Unknown option passed to Flask-CORS: support_credentials
2024-09-17 02:21:46,648 - INFO - [31m[1mWARNING: This is a development server. Do not use it in a production deployment. Use a production WSGI server instead.[0m
 * Running on all addresses (0.0.0.0)
 * Running on http://127.0.0.1:5000
 * Running on http://216.155.157.204:5000
2024-09-17 02:21:46,648 - INFO - [33mPress CTRL+C to quit[0m
2024-09-17 02:24:05,935 - ERROR - 173.33.175.94 - - [17/Sep/2024 02:24:05] code 400, message Bad request version ('\x00\x12\x00\x10\x04\x03\x08\x04\x04\x01\x05\x03\x08\x05\x05\x01\x08\x06\x06\x01\x00-\x00\x02\x01\x01\x00\x12\x00\x00\x00')
2024-09-17 02:24:05,935 - INFO - 173.33.175.94 - - [17/Sep/2024 02:24:05] "[35m[1m\x16\x03\x01\x06à\x01\x00\x06Ü\x03\x03\x15Ø¼\x06¶eä\x91bRÈ\x05\x84¶\x16+þ\x973\x8f\x10\x03\x96\x03\x0f];¤ZÆ\x05Ì Ç¹KÖ\x03\x1es¡jÃÄ\x18".5âºg\x00¶Bd¹d\x9e*\x08\x94ðÆÄî\x00 ºº\x13\x01\x13\x02\x13\x03À+À/À,À0Ì©Ì¨À\x13À\x14\x00\x9c\x00\x9d\x00/\x005\x01\x00\x06sªª\x00\x00ÿ\x01\x00\x01\x00\x00\x05\x00\x05\x01\x00\x00\x00\x00\x00+\x00\x07\x06::\x03\x04\x03\x03\x00\x17\x00\x00\x00\x0d\x00\x12\x00\x10\x04\x03\x08\x04\x04\x01\x05\x03\x08\x05\x05\x01\x08\x06\x06\x01\x00-\x00\x02\x01\x01\x00\x12\x00\x00\x00[0m" HTTPStatus.BAD_REQUEST -
2024-09-17 02:24:05,990 - ERROR - 173.33.175.94 - - [17/Sep/2024 02:24:05] code 400, message Bad request version ('Z')
2024-09-17 02:24:05,990 - INFO - 173.33.175.94 - - [17/Sep/2024 02:24:05] "[35m[1m\x16\x03\x01\x06à\x01\x00\x06Ü\x03\x03%5×Ì§\x91\x9b\x98¸h;\x96ú,ÆZÚÁ\x1c¤S·n\x9d\x873R\x0d>±:P ²àÎÒt\x07R\x0fpH'ë\x81Ù\x04Í¯w÷É\x1c\x03Øv¥\x09Z[0m" HTTPStatus.BAD_REQUEST -
2024-09-17 02:26:00,214 - WARNING - Unknown option passed to Flask-CORS: support_credentials
2024-09-17 02:26:00,214 - WARNING - Unknown option passed to Flask-CORS: support_credentials
2024-09-17 02:26:05,229 - INFO - [31m[1mWARNING: This is a development server. Do not use it in a production deployment. Use a production WSGI server instead.[0m
 * Running on all addresses (0.0.0.0)
 * Running on http://127.0.0.1:5000
 * Running on http://216.155.157.204:5000
2024-09-17 02:26:05,229 - INFO - [33mPress CTRL+C to quit[0m
2024-09-17 02:26:07,573 - INFO - 173.33.175.94 - - [17/Sep/2024 02:26:07] "GET / HTTP/1.1" 200 -
2024-09-17 02:26:07,690 - INFO - 173.33.175.94 - - [17/Sep/2024 02:26:07] "[33mGET /favicon.ico HTTP/1.1[0m" 404 -
2024-09-17 02:26:11,923 - INFO - 173.33.175.94 - - [17/Sep/2024 02:26:11] "GET / HTTP/1.1" 200 -
2024-09-17 02:28:41,601 - INFO - 173.33.175.94 - - [17/Sep/2024 02:28:41] "POST /FaceCompareBase64 HTTP/1.1" 200 -
2024-09-17 02:28:42,104 - INFO - 173.33.175.94 - - [17/Sep/2024 02:28:42] "POST /FaceCompareBase64 HTTP/1.1" 200 -
2024-09-17 02:28:42,706 - INFO - 173.33.175.94 - - [17/Sep/2024 02:28:42] "POST /FaceCompareBase64 HTTP/1.1" 200 -
2024-09-17 02:28:43,556 - INFO - 173.33.175.94 - - [17/Sep/2024 02:28:43] "POST /FaceCompareBase64 HTTP/1.1" 200 -
2024-09-17 02:28:45,401 - INFO - 173.33.175.94 - - [17/Sep/2024 02:28:45] "POST /FaceCompareBase64 HTTP/1.1" 200 -
2024-09-17 02:28:46,430 - INFO - 173.33.175.94 - - [17/Sep/2024 02:28:46] "POST /FaceCompareBase64 HTTP/1.1" 200 -
2024-09-17 02:28:46,757 - INFO - 173.33.175.94 - - [17/Sep/2024 02:28:46] "POST /FaceCompareBase64 HTTP/1.1" 200 -
2024-09-17 02:28:48,341 - INFO - 173.33.175.94 - - [17/Sep/2024 02:28:48] "POST /FaceCompareBase64 HTTP/1.1" 200 -
2024-09-17 02:28:48,598 - INFO - 173.33.175.94 - - [17/Sep/2024 02:28:48] "POST /FaceCompareBase64 HTTP/1.1" 200 -
2024-09-17 02:28:48,848 - INFO - 173.33.175.94 - - [17/Sep/2024 02:28:48] "POST /FaceCompareBase64 HTTP/1.1" 200 -
2024-09-17 02:28:49,451 - INFO - 173.33.175.94 - - [17/Sep/2024 02:28:49] "POST /FaceCompareBase64 HTTP/1.1" 200 -
2024-09-17 02:28:49,947 - INFO - 173.33.175.94 - - [17/Sep/2024 02:28:49] "POST /FaceCompareBase64 HTTP/1.1" 200 -
2024-09-17 02:28:50,991 - INFO - 173.33.175.94 - - [17/Sep/2024 02:28:50] "POST /FaceCompareBase64 HTTP/1.1" 200 -
2024-09-17 02:28:51,933 - INFO - 173.33.175.94 - - [17/Sep/2024 02:28:51] "POST /FaceCompareBase64 HTTP/1.1" 200 -
2024-09-17 02:28:52,793 - INFO - 173.33.175.94 - - [17/Sep/2024 02:28:52] "POST /FaceCompareBase64 HTTP/1.1" 200 -
2024-09-17 02:28:53,288 - INFO - 173.33.175.94 - - [17/Sep/2024 02:28:53] "POST /FaceCompareBase64 HTTP/1.1" 200 -
2024-09-17 02:29:15,796 - INFO - 173.33.175.94 - - [17/Sep/2024 02:29:15] "POST /FaceCompareBase64 HTTP/1.1" 200 -
2024-09-17 02:29:16,330 - INFO - 173.33.175.94 - - [17/Sep/2024 02:29:16] "POST /FaceCompareBase64 HTTP/1.1" 200 -
2024-09-17 02:29:17,006 - INFO - 173.33.175.94 - - [17/Sep/2024 02:29:17] "POST /FaceCompareBase64 HTTP/1.1" 200 -
2024-09-17 02:29:17,785 - INFO - 173.33.175.94 - - [17/Sep/2024 02:29:17] "POST /FaceCompareBase64 HTTP/1.1" 200 -
2024-09-17 02:29:19,770 - INFO - 173.33.175.94 - - [17/Sep/2024 02:29:19] "POST /FaceCompareBase64 HTTP/1.1" 200 -
2024-09-17 02:29:20,718 - INFO - 173.33.175.94 - - [17/Sep/2024 02:29:20] "POST /FaceCompareBase64 HTTP/1.1" 200 -
2024-09-17 02:29:21,056 - INFO - 173.33.175.94 - - [17/Sep/2024 02:29:21] "POST /FaceCompareBase64 HTTP/1.1" 200 -
2024-09-17 02:29:22,830 - INFO - 173.33.175.94 - - [17/Sep/2024 02:29:22] "POST /FaceCompareBase64 HTTP/1.1" 200 -
2024-09-17 02:29:23,095 - INFO - 173.33.175.94 - - [17/Sep/2024 02:29:23] "POST /FaceCompareBase64 HTTP/1.1" 200 -
2024-09-17 02:29:23,385 - INFO - 173.33.175.94 - - [17/Sep/2024 02:29:23] "POST /FaceCompareBase64 HTTP/1.1" 200 -
2024-09-17 02:29:24,041 - INFO - 173.33.175.94 - - [17/Sep/2024 02:29:24] "POST /FaceCompareBase64 HTTP/1.1" 200 -
2024-09-17 02:29:24,524 - INFO - 173.33.175.94 - - [17/Sep/2024 02:29:24] "POST /FaceCompareBase64 HTTP/1.1" 200 -
2024-09-17 02:29:25,624 - INFO - 173.33.175.94 - - [17/Sep/2024 02:29:25] "POST /FaceCompareBase64 HTTP/1.1" 200 -
2024-09-17 02:29:26,492 - INFO - 173.33.175.94 - - [17/Sep/2024 02:29:26] "POST /FaceCompareBase64 HTTP/1.1" 200 -
2024-09-17 02:29:27,386 - INFO - 173.33.175.94 - - [17/Sep/2024 02:29:27] "POST /FaceCompareBase64 HTTP/1.1" 200 -
2024-09-17 02:29:27,918 - INFO - 173.33.175.94 - - [17/Sep/2024 02:29:27] "POST /FaceCompareBase64 HTTP/1.1" 200 -
2024-09-17 02:29:39,514 - INFO - 173.33.175.94 - - [17/Sep/2024 02:29:39] "POST /FaceCompareBase64 HTTP/1.1" 200 -
2024-09-17 02:29:39,978 - INFO - 173.33.175.94 - - [17/Sep/2024 02:29:39] "POST /FaceCompareBase64 HTTP/1.1" 200 -
2024-09-17 02:29:40,681 - INFO - 173.33.175.94 - - [17/Sep/2024 02:29:40] "POST /FaceCompareBase64 HTTP/1.1" 200 -
2024-09-17 02:29:41,457 - INFO - 173.33.175.94 - - [17/Sep/2024 02:29:41] "POST /FaceCompareBase64 HTTP/1.1" 200 -
2024-09-17 02:29:43,904 - INFO - 173.33.175.94 - - [17/Sep/2024 02:29:43] "POST /FaceCompareBase64 HTTP/1.1" 200 -
2024-09-17 02:29:44,067 - INFO - 173.33.175.94 - - [17/Sep/2024 02:29:44] "POST /FaceCompareBase64 HTTP/1.1" 200 -
2024-09-17 02:31:57,327 - WARNING - Unknown option passed to Flask-CORS: support_credentials
2024-09-17 02:31:57,333 - WARNING - Unknown option passed to Flask-CORS: support_credentials
2024-09-17 02:31:57,332 - WARNING - Unknown option passed to Flask-CORS: support_credentials
2024-09-17 02:31:57,334 - WARNING - Unknown option passed to Flask-CORS: support_credentials
2024-09-17 02:31:57,358 - WARNING - Unknown option passed to Flask-CORS: support_credentials
2024-09-17 02:31:57,358 - WARNING - Unknown option passed to Flask-CORS: support_credentials
2024-09-17 02:31:57,363 - WARNING - Unknown option passed to Flask-CORS: support_credentials
2024-09-17 02:31:57,363 - WARNING - Unknown option passed to Flask-CORS: support_credentials
2024-09-17 03:20:23,192 - WARNING - Unknown option passed to Flask-CORS: support_credentials
2024-09-17 03:20:23,193 - WARNING - Unknown option passed to Flask-CORS: support_credentials
2024-09-17 03:20:23,223 - INFO - [31m[1mWARNING: This is a development server. Do not use it in a production deployment. Use a production WSGI server instead.[0m
 * Running on all addresses (0.0.0.0)
 * Running on http://127.0.0.1:5000
 * Running on http://216.155.157.204:5000
2024-09-17 03:20:23,223 - INFO - [33mPress CTRL+C to quit[0m
2024-09-17 03:49:48,846 - WARNING - Unknown option passed to Flask-CORS: support_credentials
2024-09-17 03:49:48,858 - WARNING - Unknown option passed to Flask-CORS: support_credentials
2024-09-17 03:49:48,947 - WARNING - Unknown option passed to Flask-CORS: support_credentials
2024-09-17 03:49:48,956 - WARNING - Unknown option passed to Flask-CORS: support_credentials
2024-09-17 03:49:49,028 - WARNING - Unknown option passed to Flask-CORS: support_credentials
2024-09-17 03:49:49,029 - WARNING - Unknown option passed to Flask-CORS: support_credentials
2024-09-17 03:49:49,048 - WARNING - Unknown option passed to Flask-CORS: support_credentials
2024-09-17 03:49:49,048 - WARNING - Unknown option passed to Flask-CORS: support_credentials
2024-09-17 03:53:21,854 - WARNING - Unknown option passed to Flask-CORS: support_credentials
2024-09-17 03:53:21,909 - WARNING - Unknown option passed to Flask-CORS: support_credentials
2024-09-17 03:53:21,944 - WARNING - Unknown option passed to Flask-CORS: support_credentials
2024-09-17 03:53:21,946 - WARNING - Unknown option passed to Flask-CORS: support_credentials
2024-09-17 03:53:21,959 - WARNING - Unknown option passed to Flask-CORS: support_credentials
2024-09-17 03:53:21,961 - WARNING - Unknown option passed to Flask-CORS: support_credentials
2024-09-17 03:53:21,989 - WARNING - Unknown option passed to Flask-CORS: support_credentials
2024-09-17 03:53:21,991 - WARNING - Unknown option passed to Flask-CORS: support_credentials
2024-09-17 04:19:52,036 - WARNING - Unknown option passed to Flask-CORS: support_credentials
2024-09-17 04:19:52,036 - WARNING - Unknown option passed to Flask-CORS: support_credentials
2024-09-17 04:19:52,039 - WARNING - Unknown option passed to Flask-CORS: support_credentials
2024-09-17 04:19:52,036 - WARNING - Unknown option passed to Flask-CORS: support_credentials
2024-09-17 04:19:52,039 - WARNING - Unknown option passed to Flask-CORS: support_credentials
2024-09-17 04:19:52,041 - WARNING - Unknown option passed to Flask-CORS: support_credentials
2024-09-17 04:19:52,096 - WARNING - Unknown option passed to Flask-CORS: support_credentials
2024-09-17 04:19:52,098 - WARNING - Unknown option passed to Flask-CORS: support_credentials
2024-09-17 04:22:07,154 - WARNING - Unknown option passed to Flask-CORS: support_credentials
2024-09-17 04:22:07,167 - WARNING - Unknown option passed to Flask-CORS: support_credentials
2024-09-17 04:22:07,158 - WARNING - Unknown option passed to Flask-CORS: support_credentials
2024-09-17 04:22:07,169 - WARNING - Unknown option passed to Flask-CORS: support_credentials
2024-09-17 04:22:07,162 - WARNING - Unknown option passed to Flask-CORS: support_credentials
2024-09-17 04:22:07,170 - WARNING - Unknown option passed to Flask-CORS: support_credentials
2024-09-17 04:22:07,166 - WARNING - Unknown option passed to Flask-CORS: support_credentials
2024-09-17 04:22:07,171 - WARNING - Unknown option passed to Flask-CORS: support_credentials
2024-09-17 04:33:40,340 - WARNING - Unknown option passed to Flask-CORS: support_credentials
2024-09-17 04:33:40,343 - WARNING - Unknown option passed to Flask-CORS: support_credentials
2024-09-17 04:33:40,403 - WARNING - Unknown option passed to Flask-CORS: support_credentials
2024-09-17 04:33:40,403 - WARNING - Unknown option passed to Flask-CORS: support_credentials
2024-09-17 04:33:40,562 - WARNING - Unknown option passed to Flask-CORS: support_credentials
2024-09-17 04:33:40,563 - WARNING - Unknown option passed to Flask-CORS: support_credentials
2024-09-17 04:33:40,577 - WARNING - Unknown option passed to Flask-CORS: support_credentials
2024-09-17 04:33:40,578 - WARNING - Unknown option passed to Flask-CORS: support_credentials
2024-09-17 16:04:22,291 - WARNING - Unknown option passed to Flask-CORS: support_credentials
2024-09-17 16:04:22,291 - WARNING - Unknown option passed to Flask-CORS: support_credentials
2024-09-17 16:12:55,783 - WARNING - Unknown option passed to Flask-CORS: support_credentials
2024-09-17 16:12:55,790 - WARNING - Unknown option passed to Flask-CORS: support_credentials
2024-09-17 16:12:55,787 - WARNING - Unknown option passed to Flask-CORS: support_credentials
2024-09-17 16:12:55,787 - WARNING - Unknown option passed to Flask-CORS: support_credentials
2024-09-17 16:12:55,792 - WARNING - Unknown option passed to Flask-CORS: support_credentials
2024-09-17 16:12:55,788 - WARNING - Unknown option passed to Flask-CORS: support_credentials
2024-09-17 16:12:55,793 - WARNING - Unknown option passed to Flask-CORS: support_credentials
2024-09-17 16:12:55,794 - WARNING - Unknown option passed to Flask-CORS: support_credentials
2024-09-17 16:13:08,932 - WARNING - Unknown option passed to Flask-CORS: support_credentials
2024-09-17 16:13:08,942 - WARNING - Unknown option passed to Flask-CORS: support_credentials
2024-09-17 16:13:08,936 - WARNING - Unknown option passed to Flask-CORS: support_credentials
2024-09-17 16:13:08,942 - WARNING - Unknown option passed to Flask-CORS: support_credentials
2024-09-17 16:13:08,940 - WARNING - Unknown option passed to Flask-CORS: support_credentials
2024-09-17 16:13:08,944 - WARNING - Unknown option passed to Flask-CORS: support_credentials
2024-09-17 16:13:09,166 - WARNING - Unknown option passed to Flask-CORS: support_credentials
2024-09-17 16:13:09,166 - WARNING - Unknown option passed to Flask-CORS: support_credentials
2024-09-17 16:13:20,811 - WARNING - Unknown option passed to Flask-CORS: support_credentials
2024-09-17 16:13:20,837 - WARNING - Unknown option passed to Flask-CORS: support_credentials
2024-09-17 16:13:20,834 - WARNING - Unknown option passed to Flask-CORS: support_credentials
2024-09-17 16:13:20,839 - WARNING - Unknown option passed to Flask-CORS: support_credentials
2024-09-17 16:13:20,829 - WARNING - Unknown option passed to Flask-CORS: support_credentials
2024-09-17 16:13:20,839 - WARNING - Unknown option passed to Flask-CORS: support_credentials
2024-09-17 16:13:20,837 - WARNING - Unknown option passed to Flask-CORS: support_credentials
2024-09-17 16:13:20,842 - WARNING - Unknown option passed to Flask-CORS: support_credentials
2024-09-17 16:13:32,487 - WARNING - Unknown option passed to Flask-CORS: support_credentials
2024-09-17 16:13:32,519 - WARNING - Unknown option passed to Flask-CORS: support_credentials
2024-09-17 16:13:32,515 - WARNING - Unknown option passed to Flask-CORS: support_credentials
2024-09-17 16:13:32,521 - WARNING - Unknown option passed to Flask-CORS: support_credentials
2024-09-17 16:13:32,522 - WARNING - Unknown option passed to Flask-CORS: support_credentials
2024-09-17 16:13:32,522 - WARNING - Unknown option passed to Flask-CORS: support_credentials
2024-09-17 16:13:32,517 - WARNING - Unknown option passed to Flask-CORS: support_credentials
2024-09-17 16:13:32,525 - WARNING - Unknown option passed to Flask-CORS: support_credentials
2024-09-17 16:13:45,061 - WARNING - Unknown option passed to Flask-CORS: support_credentials
2024-09-17 16:13:45,076 - WARNING - Unknown option passed to Flask-CORS: support_credentials
2024-09-17 16:13:45,078 - WARNING - Unknown option passed to Flask-CORS: support_credentials
2024-09-17 16:13:45,078 - WARNING - Unknown option passed to Flask-CORS: support_credentials
2024-09-17 16:13:45,081 - WARNING - Unknown option passed to Flask-CORS: support_credentials
2024-09-17 16:13:45,082 - WARNING - Unknown option passed to Flask-CORS: support_credentials
2024-09-17 16:13:45,183 - WARNING - Unknown option passed to Flask-CORS: support_credentials
2024-09-17 16:13:45,188 - WARNING - Unknown option passed to Flask-CORS: support_credentials
2024-09-17 16:13:56,995 - WARNING - Unknown option passed to Flask-CORS: support_credentials
2024-09-17 16:13:56,998 - WARNING - Unknown option passed to Flask-CORS: support_credentials
2024-09-17 16:13:57,011 - WARNING - Unknown option passed to Flask-CORS: support_credentials
2024-09-17 16:13:57,012 - WARNING - Unknown option passed to Flask-CORS: support_credentials
2024-09-17 16:13:57,065 - WARNING - Unknown option passed to Flask-CORS: support_credentials
2024-09-17 16:13:57,068 - WARNING - Unknown option passed to Flask-CORS: support_credentials
2024-09-17 16:13:57,078 - WARNING - Unknown option passed to Flask-CORS: support_credentials
2024-09-17 16:13:57,080 - WARNING - Unknown option passed to Flask-CORS: support_credentials
2024-09-17 16:13:57,842 - ERROR - t=2024-09-17T16:13:57+0000 lvl=eror msg="failed to reconnect session" obj=tunnels.session err="authentication failed: Your account is limited to 1 simultaneous ngrok agent sessions.\nYou can run multiple simultaneous tunnels from a single agent session by defining the tunnels in your agent configuration file and starting them with the command `ngrok start --all`.\nRead more about the agent configuration file: https://ngrok.com/docs/secure-tunnels/ngrok-agent/reference/config\nYou can view your current agent sessions in the dashboard:\nhttps://dashboard.ngrok.com/tunnels/agents\r\n\r\nERR_NGROK_108\r\n"
2024-09-17 16:13:57,843 - ERROR - t=2024-09-17T16:13:57+0000 lvl=eror msg="session closing" obj=tunnels.session err="authentication failed: Your account is limited to 1 simultaneous ngrok agent sessions.\nYou can run multiple simultaneous tunnels from a single agent session by defining the tunnels in your agent configuration file and starting them with the command `ngrok start --all`.\nRead more about the agent configuration file: https://ngrok.com/docs/secure-tunnels/ngrok-agent/reference/config\nYou can view your current agent sessions in the dashboard:\nhttps://dashboard.ngrok.com/tunnels/agents\r\n\r\nERR_NGROK_108\r\n"
2024-09-17 16:13:57,845 - ERROR - t=2024-09-17T16:13:57+0000 lvl=eror msg="terminating with error" obj=app err="authentication failed: Your account is limited to 1 simultaneous ngrok agent sessions.\nYou can run multiple simultaneous tunnels from a single agent session by defining the tunnels in your agent configuration file and starting them with the command `ngrok start --all`.\nRead more about the agent configuration file: https://ngrok.com/docs/secure-tunnels/ngrok-agent/reference/config\nYou can view your current agent sessions in the dashboard:\nhttps://dashboard.ngrok.com/tunnels/agents\r\n\r\nERR_NGROK_108\r\n"
2024-09-17 16:13:57,868 - CRITICAL - t=2024-09-17T16:13:57+0000 lvl=crit msg="command failed" err="authentication failed: Your account is limited to 1 simultaneous ngrok agent sessions.\nYou can run multiple simultaneous tunnels from a single agent session by defining the tunnels in your agent configuration file and starting them with the command `ngrok start --all`.\nRead more about the agent configuration file: https://ngrok.com/docs/secure-tunnels/ngrok-agent/reference/config\nYou can view your current agent sessions in the dashboard:\nhttps://dashboard.ngrok.com/tunnels/agents\r\n\r\nERR_NGROK_108\r\n"
2024-09-17 16:14:08,903 - WARNING - Unknown option passed to Flask-CORS: support_credentials
2024-09-17 16:14:08,918 - WARNING - Unknown option passed to Flask-CORS: support_credentials
2024-09-17 16:14:08,906 - WARNING - Unknown option passed to Flask-CORS: support_credentials
2024-09-17 16:14:08,919 - WARNING - Unknown option passed to Flask-CORS: support_credentials
2024-09-17 16:14:08,913 - WARNING - Unknown option passed to Flask-CORS: support_credentials
2024-09-17 16:14:08,921 - WARNING - Unknown option passed to Flask-CORS: support_credentials
2024-09-17 16:14:09,114 - WARNING - Unknown option passed to Flask-CORS: support_credentials
2024-09-17 16:14:09,114 - WARNING - Unknown option passed to Flask-CORS: support_credentials
2024-09-17 16:14:20,462 - WARNING - Unknown option passed to Flask-CORS: support_credentials
2024-09-17 16:14:20,474 - WARNING - Unknown option passed to Flask-CORS: support_credentials
2024-09-17 16:14:20,466 - WARNING - Unknown option passed to Flask-CORS: support_credentials
2024-09-17 16:14:20,475 - WARNING - Unknown option passed to Flask-CORS: support_credentials
2024-09-17 16:14:20,472 - WARNING - Unknown option passed to Flask-CORS: support_credentials
2024-09-17 16:14:20,476 - WARNING - Unknown option passed to Flask-CORS: support_credentials
2024-09-17 16:14:20,474 - WARNING - Unknown option passed to Flask-CORS: support_credentials
2024-09-17 16:14:20,478 - WARNING - Unknown option passed to Flask-CORS: support_credentials
2024-09-17 16:14:34,584 - WARNING - Unknown option passed to Flask-CORS: support_credentials
2024-09-17 16:14:34,588 - WARNING - Unknown option passed to Flask-CORS: support_credentials
2024-09-17 16:14:35,244 - INFO - [31m[1mWARNING: This is a development server. Do not use it in a production deployment. Use a production WSGI server instead.[0m
 * Running on all addresses (0.0.0.0)
 * Running on http://127.0.0.1:8000
 * Running on http://216.155.157.204:8000
2024-09-17 16:14:35,245 - INFO - [33mPress CTRL+C to quit[0m
2024-09-17 16:14:35,334 - WARNING - Unknown option passed to Flask-CORS: support_credentials
2024-09-17 16:14:35,339 - WARNING - Unknown option passed to Flask-CORS: support_credentials
2024-09-17 16:14:35,344 - WARNING - Unknown option passed to Flask-CORS: support_credentials
2024-09-17 16:14:35,344 - WARNING - Unknown option passed to Flask-CORS: support_credentials
2024-09-17 16:14:35,349 - WARNING - Unknown option passed to Flask-CORS: support_credentials
2024-09-17 16:14:35,344 - WARNING - Unknown option passed to Flask-CORS: support_credentials
2024-09-17 16:14:35,349 - WARNING - Unknown option passed to Flask-CORS: support_credentials
2024-09-17 16:14:35,350 - WARNING - Unknown option passed to Flask-CORS: support_credentials
2024-09-17 16:14:36,009 - ERROR - t=2024-09-17T16:14:36+0000 lvl=eror msg="failed to reconnect session" obj=tunnels.session err="authentication failed: Your account is limited to 1 simultaneous ngrok agent sessions.\nYou can run multiple simultaneous tunnels from a single agent session by defining the tunnels in your agent configuration file and starting them with the command `ngrok start --all`.\nRead more about the agent configuration file: https://ngrok.com/docs/secure-tunnels/ngrok-agent/reference/config\nYou can view your current agent sessions in the dashboard:\nhttps://dashboard.ngrok.com/tunnels/agents\r\n\r\nERR_NGROK_108\r\n"
2024-09-17 16:14:36,010 - ERROR - t=2024-09-17T16:14:36+0000 lvl=eror msg="session closing" obj=tunnels.session err="authentication failed: Your account is limited to 1 simultaneous ngrok agent sessions.\nYou can run multiple simultaneous tunnels from a single agent session by defining the tunnels in your agent configuration file and starting them with the command `ngrok start --all`.\nRead more about the agent configuration file: https://ngrok.com/docs/secure-tunnels/ngrok-agent/reference/config\nYou can view your current agent sessions in the dashboard:\nhttps://dashboard.ngrok.com/tunnels/agents\r\n\r\nERR_NGROK_108\r\n"
2024-09-17 16:14:36,011 - ERROR - t=2024-09-17T16:14:36+0000 lvl=eror msg="terminating with error" obj=app err="authentication failed: Your account is limited to 1 simultaneous ngrok agent sessions.\nYou can run multiple simultaneous tunnels from a single agent session by defining the tunnels in your agent configuration file and starting them with the command `ngrok start --all`.\nRead more about the agent configuration file: https://ngrok.com/docs/secure-tunnels/ngrok-agent/reference/config\nYou can view your current agent sessions in the dashboard:\nhttps://dashboard.ngrok.com/tunnels/agents\r\n\r\nERR_NGROK_108\r\n"
2024-09-17 16:14:36,012 - CRITICAL - t=2024-09-17T16:14:36+0000 lvl=crit msg="command failed" err="authentication failed: Your account is limited to 1 simultaneous ngrok agent sessions.\nYou can run multiple simultaneous tunnels from a single agent session by defining the tunnels in your agent configuration file and starting them with the command `ngrok start --all`.\nRead more about the agent configuration file: https://ngrok.com/docs/secure-tunnels/ngrok-agent/reference/config\nYou can view your current agent sessions in the dashboard:\nhttps://dashboard.ngrok.com/tunnels/agents\r\n\r\nERR_NGROK_108\r\n"
2024-09-17 16:14:36,029 - ERROR - t=2024-09-17T16:14:36+0000 lvl=eror msg="failed to reconnect session" obj=tunnels.session err="authentication failed: Your account is limited to 1 simultaneous ngrok agent sessions.\nYou can run multiple simultaneous tunnels from a single agent session by defining the tunnels in your agent configuration file and starting them with the command `ngrok start --all`.\nRead more about the agent configuration file: https://ngrok.com/docs/secure-tunnels/ngrok-agent/reference/config\nYou can view your current agent sessions in the dashboard:\nhttps://dashboard.ngrok.com/tunnels/agents\r\n\r\nERR_NGROK_108\r\n"
2024-09-17 16:14:36,032 - ERROR - t=2024-09-17T16:14:36+0000 lvl=eror msg="session closing" obj=tunnels.session err="authentication failed: Your account is limited to 1 simultaneous ngrok agent sessions.\nYou can run multiple simultaneous tunnels from a single agent session by defining the tunnels in your agent configuration file and starting them with the command `ngrok start --all`.\nRead more about the agent configuration file: https://ngrok.com/docs/secure-tunnels/ngrok-agent/reference/config\nYou can view your current agent sessions in the dashboard:\nhttps://dashboard.ngrok.com/tunnels/agents\r\n\r\nERR_NGROK_108\r\n"
2024-09-17 16:14:36,036 - ERROR - t=2024-09-17T16:14:36+0000 lvl=eror msg="terminating with error" obj=app err="authentication failed: Your account is limited to 1 simultaneous ngrok agent sessions.\nYou can run multiple simultaneous tunnels from a single agent session by defining the tunnels in your agent configuration file and starting them with the command `ngrok start --all`.\nRead more about the agent configuration file: https://ngrok.com/docs/secure-tunnels/ngrok-agent/reference/config\nYou can view your current agent sessions in the dashboard:\nhttps://dashboard.ngrok.com/tunnels/agents\r\n\r\nERR_NGROK_108\r\n"
2024-09-17 16:14:36,037 - CRITICAL - t=2024-09-17T16:14:36+0000 lvl=crit msg="command failed" err="authentication failed: Your account is limited to 1 simultaneous ngrok agent sessions.\nYou can run multiple simultaneous tunnels from a single agent session by defining the tunnels in your agent configuration file and starting them with the command `ngrok start --all`.\nRead more about the agent configuration file: https://ngrok.com/docs/secure-tunnels/ngrok-agent/reference/config\nYou can view your current agent sessions in the dashboard:\nhttps://dashboard.ngrok.com/tunnels/agents\r\n\r\nERR_NGROK_108\r\n"
2024-09-17 16:14:36,044 - ERROR - t=2024-09-17T16:14:36+0000 lvl=eror msg="failed to reconnect session" obj=tunnels.session err="authentication failed: Your account is limited to 1 simultaneous ngrok agent sessions.\nYou can run multiple simultaneous tunnels from a single agent session by defining the tunnels in your agent configuration file and starting them with the command `ngrok start --all`.\nRead more about the agent configuration file: https://ngrok.com/docs/secure-tunnels/ngrok-agent/reference/config\nYou can view your current agent sessions in the dashboard:\nhttps://dashboard.ngrok.com/tunnels/agents\r\n\r\nERR_NGROK_108\r\n"
2024-09-17 16:14:36,049 - ERROR - t=2024-09-17T16:14:36+0000 lvl=eror msg="session closing" obj=tunnels.session err="authentication failed: Your account is limited to 1 simultaneous ngrok agent sessions.\nYou can run multiple simultaneous tunnels from a single agent session by defining the tunnels in your agent configuration file and starting them with the command `ngrok start --all`.\nRead more about the agent configuration file: https://ngrok.com/docs/secure-tunnels/ngrok-agent/reference/config\nYou can view your current agent sessions in the dashboard:\nhttps://dashboard.ngrok.com/tunnels/agents\r\n\r\nERR_NGROK_108\r\n"
2024-09-17 16:14:36,050 - ERROR - t=2024-09-17T16:14:36+0000 lvl=eror msg="terminating with error" obj=app err="authentication failed: Your account is limited to 1 simultaneous ngrok agent sessions.\nYou can run multiple simultaneous tunnels from a single agent session by defining the tunnels in your agent configuration file and starting them with the command `ngrok start --all`.\nRead more about the agent configuration file: https://ngrok.com/docs/secure-tunnels/ngrok-agent/reference/config\nYou can view your current agent sessions in the dashboard:\nhttps://dashboard.ngrok.com/tunnels/agents\r\n\r\nERR_NGROK_108\r\n"
2024-09-17 16:14:36,052 - CRITICAL - t=2024-09-17T16:14:36+0000 lvl=crit msg="command failed" err="authentication failed: Your account is limited to 1 simultaneous ngrok agent sessions.\nYou can run multiple simultaneous tunnels from a single agent session by defining the tunnels in your agent configuration file and starting them with the command `ngrok start --all`.\nRead more about the agent configuration file: https://ngrok.com/docs/secure-tunnels/ngrok-agent/reference/config\nYou can view your current agent sessions in the dashboard:\nhttps://dashboard.ngrok.com/tunnels/agents\r\n\r\nERR_NGROK_108\r\n"
2024-09-17 16:14:36,072 - ERROR - t=2024-09-17T16:14:36+0000 lvl=eror msg="failed to reconnect session" obj=tunnels.session err="authentication failed: Your account is limited to 1 simultaneous ngrok agent sessions.\nYou can run multiple simultaneous tunnels from a single agent session by defining the tunnels in your agent configuration file and starting them with the command `ngrok start --all`.\nRead more about the agent configuration file: https://ngrok.com/docs/secure-tunnels/ngrok-agent/reference/config\nYou can view your current agent sessions in the dashboard:\nhttps://dashboard.ngrok.com/tunnels/agents\r\n\r\nERR_NGROK_108\r\n"
2024-09-17 16:14:36,073 - ERROR - t=2024-09-17T16:14:36+0000 lvl=eror msg="session closing" obj=tunnels.session err="authentication failed: Your account is limited to 1 simultaneous ngrok agent sessions.\nYou can run multiple simultaneous tunnels from a single agent session by defining the tunnels in your agent configuration file and starting them with the command `ngrok start --all`.\nRead more about the agent configuration file: https://ngrok.com/docs/secure-tunnels/ngrok-agent/reference/config\nYou can view your current agent sessions in the dashboard:\nhttps://dashboard.ngrok.com/tunnels/agents\r\n\r\nERR_NGROK_108\r\n"
2024-09-17 16:14:36,074 - ERROR - t=2024-09-17T16:14:36+0000 lvl=eror msg="terminating with error" obj=app err="authentication failed: Your account is limited to 1 simultaneous ngrok agent sessions.\nYou can run multiple simultaneous tunnels from a single agent session by defining the tunnels in your agent configuration file and starting them with the command `ngrok start --all`.\nRead more about the agent configuration file: https://ngrok.com/docs/secure-tunnels/ngrok-agent/reference/config\nYou can view your current agent sessions in the dashboard:\nhttps://dashboard.ngrok.com/tunnels/agents\r\n\r\nERR_NGROK_108\r\n"
2024-09-17 16:14:36,076 - CRITICAL - t=2024-09-17T16:14:36+0000 lvl=crit msg="command failed" err="authentication failed: Your account is limited to 1 simultaneous ngrok agent sessions.\nYou can run multiple simultaneous tunnels from a single agent session by defining the tunnels in your agent configuration file and starting them with the command `ngrok start --all`.\nRead more about the agent configuration file: https://ngrok.com/docs/secure-tunnels/ngrok-agent/reference/config\nYou can view your current agent sessions in the dashboard:\nhttps://dashboard.ngrok.com/tunnels/agents\r\n\r\nERR_NGROK_108\r\n"
2024-09-17 16:15:18,033 - WARNING - Unknown option passed to Flask-CORS: support_credentials
2024-09-17 16:15:18,036 - WARNING - Unknown option passed to Flask-CORS: support_credentials
2024-09-17 16:15:18,044 - WARNING - Unknown option passed to Flask-CORS: support_credentials
2024-09-17 16:15:18,044 - WARNING - Unknown option passed to Flask-CORS: support_credentials
2024-09-17 16:15:18,177 - WARNING - Unknown option passed to Flask-CORS: support_credentials
2024-09-17 16:15:18,179 - WARNING - Unknown option passed to Flask-CORS: support_credentials
2024-09-17 16:15:18,241 - WARNING - Unknown option passed to Flask-CORS: support_credentials
2024-09-17 16:15:18,244 - WARNING - Unknown option passed to Flask-CORS: support_credentials
2024-09-17 16:15:18,833 - ERROR - t=2024-09-17T16:15:18+0000 lvl=eror msg="failed to reconnect session" obj=tunnels.session err="authentication failed: Your account is limited to 1 simultaneous ngrok agent sessions.\nYou can run multiple simultaneous tunnels from a single agent session by defining the tunnels in your agent configuration file and starting them with the command `ngrok start --all`.\nRead more about the agent configuration file: https://ngrok.com/docs/secure-tunnels/ngrok-agent/reference/config\nYou can view your current agent sessions in the dashboard:\nhttps://dashboard.ngrok.com/tunnels/agents\r\n\r\nERR_NGROK_108\r\n"
2024-09-17 16:15:18,834 - ERROR - t=2024-09-17T16:15:18+0000 lvl=eror msg="session closing" obj=tunnels.session err="authentication failed: Your account is limited to 1 simultaneous ngrok agent sessions.\nYou can run multiple simultaneous tunnels from a single agent session by defining the tunnels in your agent configuration file and starting them with the command `ngrok start --all`.\nRead more about the agent configuration file: https://ngrok.com/docs/secure-tunnels/ngrok-agent/reference/config\nYou can view your current agent sessions in the dashboard:\nhttps://dashboard.ngrok.com/tunnels/agents\r\n\r\nERR_NGROK_108\r\n"
2024-09-17 16:15:18,835 - ERROR - t=2024-09-17T16:15:18+0000 lvl=eror msg="terminating with error" obj=app err="authentication failed: Your account is limited to 1 simultaneous ngrok agent sessions.\nYou can run multiple simultaneous tunnels from a single agent session by defining the tunnels in your agent configuration file and starting them with the command `ngrok start --all`.\nRead more about the agent configuration file: https://ngrok.com/docs/secure-tunnels/ngrok-agent/reference/config\nYou can view your current agent sessions in the dashboard:\nhttps://dashboard.ngrok.com/tunnels/agents\r\n\r\nERR_NGROK_108\r\n"
2024-09-17 16:15:18,830 - ERROR - t=2024-09-17T16:15:18+0000 lvl=eror msg="failed to reconnect session" obj=tunnels.session err="authentication failed: Your account is limited to 1 simultaneous ngrok agent sessions.\nYou can run multiple simultaneous tunnels from a single agent session by defining the tunnels in your agent configuration file and starting them with the command `ngrok start --all`.\nRead more about the agent configuration file: https://ngrok.com/docs/secure-tunnels/ngrok-agent/reference/config\nYou can view your current agent sessions in the dashboard:\nhttps://dashboard.ngrok.com/tunnels/agents\r\n\r\nERR_NGROK_108\r\n"
2024-09-17 16:15:18,853 - ERROR - t=2024-09-17T16:15:18+0000 lvl=eror msg="session closing" obj=tunnels.session err="authentication failed: Your account is limited to 1 simultaneous ngrok agent sessions.\nYou can run multiple simultaneous tunnels from a single agent session by defining the tunnels in your agent configuration file and starting them with the command `ngrok start --all`.\nRead more about the agent configuration file: https://ngrok.com/docs/secure-tunnels/ngrok-agent/reference/config\nYou can view your current agent sessions in the dashboard:\nhttps://dashboard.ngrok.com/tunnels/agents\r\n\r\nERR_NGROK_108\r\n"
2024-09-17 16:15:18,853 - ERROR - t=2024-09-17T16:15:18+0000 lvl=eror msg="terminating with error" obj=app err="authentication failed: Your account is limited to 1 simultaneous ngrok agent sessions.\nYou can run multiple simultaneous tunnels from a single agent session by defining the tunnels in your agent configuration file and starting them with the command `ngrok start --all`.\nRead more about the agent configuration file: https://ngrok.com/docs/secure-tunnels/ngrok-agent/reference/config\nYou can view your current agent sessions in the dashboard:\nhttps://dashboard.ngrok.com/tunnels/agents\r\n\r\nERR_NGROK_108\r\n"
2024-09-17 16:15:18,854 - CRITICAL - t=2024-09-17T16:15:18+0000 lvl=crit msg="command failed" err="authentication failed: Your account is limited to 1 simultaneous ngrok agent sessions.\nYou can run multiple simultaneous tunnels from a single agent session by defining the tunnels in your agent configuration file and starting them with the command `ngrok start --all`.\nRead more about the agent configuration file: https://ngrok.com/docs/secure-tunnels/ngrok-agent/reference/config\nYou can view your current agent sessions in the dashboard:\nhttps://dashboard.ngrok.com/tunnels/agents\r\n\r\nERR_NGROK_108\r\n"
2024-09-17 16:15:18,870 - ERROR - t=2024-09-17T16:15:18+0000 lvl=eror msg="failed to reconnect session" obj=tunnels.session err="authentication failed: Your account is limited to 1 simultaneous ngrok agent sessions.\nYou can run multiple simultaneous tunnels from a single agent session by defining the tunnels in your agent configuration file and starting them with the command `ngrok start --all`.\nRead more about the agent configuration file: https://ngrok.com/docs/secure-tunnels/ngrok-agent/reference/config\nYou can view your current agent sessions in the dashboard:\nhttps://dashboard.ngrok.com/tunnels/agents\r\n\r\nERR_NGROK_108\r\n"
2024-09-17 16:15:18,872 - ERROR - t=2024-09-17T16:15:18+0000 lvl=eror msg="failed to reconnect session" obj=tunnels.session err="authentication failed: Your account is limited to 1 simultaneous ngrok agent sessions.\nYou can run multiple simultaneous tunnels from a single agent session by defining the tunnels in your agent configuration file and starting them with the command `ngrok start --all`.\nRead more about the agent configuration file: https://ngrok.com/docs/secure-tunnels/ngrok-agent/reference/config\nYou can view your current agent sessions in the dashboard:\nhttps://dashboard.ngrok.com/tunnels/agents\r\n\r\nERR_NGROK_108\r\n"
2024-09-17 16:15:18,879 - ERROR - t=2024-09-17T16:15:18+0000 lvl=eror msg="session closing" obj=tunnels.session err="authentication failed: Your account is limited to 1 simultaneous ngrok agent sessions.\nYou can run multiple simultaneous tunnels from a single agent session by defining the tunnels in your agent configuration file and starting them with the command `ngrok start --all`.\nRead more about the agent configuration file: https://ngrok.com/docs/secure-tunnels/ngrok-agent/reference/config\nYou can view your current agent sessions in the dashboard:\nhttps://dashboard.ngrok.com/tunnels/agents\r\n\r\nERR_NGROK_108\r\n"
2024-09-17 16:15:18,882 - ERROR - t=2024-09-17T16:15:18+0000 lvl=eror msg="terminating with error" obj=app err="authentication failed: Your account is limited to 1 simultaneous ngrok agent sessions.\nYou can run multiple simultaneous tunnels from a single agent session by defining the tunnels in your agent configuration file and starting them with the command `ngrok start --all`.\nRead more about the agent configuration file: https://ngrok.com/docs/secure-tunnels/ngrok-agent/reference/config\nYou can view your current agent sessions in the dashboard:\nhttps://dashboard.ngrok.com/tunnels/agents\r\n\r\nERR_NGROK_108\r\n"
2024-09-17 16:15:18,883 - ERROR - t=2024-09-17T16:15:18+0000 lvl=eror msg="session closing" obj=tunnels.session err="authentication failed: Your account is limited to 1 simultaneous ngrok agent sessions.\nYou can run multiple simultaneous tunnels from a single agent session by defining the tunnels in your agent configuration file and starting them with the command `ngrok start --all`.\nRead more about the agent configuration file: https://ngrok.com/docs/secure-tunnels/ngrok-agent/reference/config\nYou can view your current agent sessions in the dashboard:\nhttps://dashboard.ngrok.com/tunnels/agents\r\n\r\nERR_NGROK_108\r\n"
2024-09-17 16:15:18,886 - CRITICAL - t=2024-09-17T16:15:18+0000 lvl=crit msg="command failed" err="authentication failed: Your account is limited to 1 simultaneous ngrok agent sessions.\nYou can run multiple simultaneous tunnels from a single agent session by defining the tunnels in your agent configuration file and starting them with the command `ngrok start --all`.\nRead more about the agent configuration file: https://ngrok.com/docs/secure-tunnels/ngrok-agent/reference/config\nYou can view your current agent sessions in the dashboard:\nhttps://dashboard.ngrok.com/tunnels/agents\r\n\r\nERR_NGROK_108\r\n"
2024-09-17 16:15:18,890 - ERROR - t=2024-09-17T16:15:18+0000 lvl=eror msg="terminating with error" obj=app err="authentication failed: Your account is limited to 1 simultaneous ngrok agent sessions.\nYou can run multiple simultaneous tunnels from a single agent session by defining the tunnels in your agent configuration file and starting them with the command `ngrok start --all`.\nRead more about the agent configuration file: https://ngrok.com/docs/secure-tunnels/ngrok-agent/reference/config\nYou can view your current agent sessions in the dashboard:\nhttps://dashboard.ngrok.com/tunnels/agents\r\n\r\nERR_NGROK_108\r\n"
2024-09-17 16:15:18,893 - CRITICAL - t=2024-09-17T16:15:18+0000 lvl=crit msg="command failed" err="authentication failed: Your account is limited to 1 simultaneous ngrok agent sessions.\nYou can run multiple simultaneous tunnels from a single agent session by defining the tunnels in your agent configuration file and starting them with the command `ngrok start --all`.\nRead more about the agent configuration file: https://ngrok.com/docs/secure-tunnels/ngrok-agent/reference/config\nYou can view your current agent sessions in the dashboard:\nhttps://dashboard.ngrok.com/tunnels/agents\r\n\r\nERR_NGROK_108\r\n"
2024-09-17 16:16:00,223 - WARNING - Unknown option passed to Flask-CORS: support_credentials
2024-09-17 16:16:00,230 - WARNING - Unknown option passed to Flask-CORS: support_credentials
2024-09-17 16:16:00,225 - WARNING - Unknown option passed to Flask-CORS: support_credentials
2024-09-17 16:16:00,233 - WARNING - Unknown option passed to Flask-CORS: support_credentials
2024-09-17 16:16:00,229 - WARNING - Unknown option passed to Flask-CORS: support_credentials
2024-09-17 16:16:00,235 - WARNING - Unknown option passed to Flask-CORS: support_credentials
2024-09-17 16:16:00,300 - WARNING - Unknown option passed to Flask-CORS: support_credentials
2024-09-17 16:16:00,301 - WARNING - Unknown option passed to Flask-CORS: support_credentials
2024-09-17 16:16:01,330 - ERROR - t=2024-09-17T16:16:01+0000 lvl=eror msg="failed to reconnect session" obj=tunnels.session err="authentication failed: Your account is limited to 1 simultaneous ngrok agent sessions.\nYou can run multiple simultaneous tunnels from a single agent session by defining the tunnels in your agent configuration file and starting them with the command `ngrok start --all`.\nRead more about the agent configuration file: https://ngrok.com/docs/secure-tunnels/ngrok-agent/reference/config\nYou can view your current agent sessions in the dashboard:\nhttps://dashboard.ngrok.com/tunnels/agents\r\n\r\nERR_NGROK_108\r\n"
2024-09-17 16:16:01,331 - ERROR - t=2024-09-17T16:16:01+0000 lvl=eror msg="session closing" obj=tunnels.session err="authentication failed: Your account is limited to 1 simultaneous ngrok agent sessions.\nYou can run multiple simultaneous tunnels from a single agent session by defining the tunnels in your agent configuration file and starting them with the command `ngrok start --all`.\nRead more about the agent configuration file: https://ngrok.com/docs/secure-tunnels/ngrok-agent/reference/config\nYou can view your current agent sessions in the dashboard:\nhttps://dashboard.ngrok.com/tunnels/agents\r\n\r\nERR_NGROK_108\r\n"
2024-09-17 16:16:01,334 - ERROR - t=2024-09-17T16:16:01+0000 lvl=eror msg="failed to reconnect session" obj=tunnels.session err="authentication failed: Your account is limited to 1 simultaneous ngrok agent sessions.\nYou can run multiple simultaneous tunnels from a single agent session by defining the tunnels in your agent configuration file and starting them with the command `ngrok start --all`.\nRead more about the agent configuration file: https://ngrok.com/docs/secure-tunnels/ngrok-agent/reference/config\nYou can view your current agent sessions in the dashboard:\nhttps://dashboard.ngrok.com/tunnels/agents\r\n\r\nERR_NGROK_108\r\n"
2024-09-17 16:16:01,335 - ERROR - t=2024-09-17T16:16:01+0000 lvl=eror msg="session closing" obj=tunnels.session err="authentication failed: Your account is limited to 1 simultaneous ngrok agent sessions.\nYou can run multiple simultaneous tunnels from a single agent session by defining the tunnels in your agent configuration file and starting them with the command `ngrok start --all`.\nRead more about the agent configuration file: https://ngrok.com/docs/secure-tunnels/ngrok-agent/reference/config\nYou can view your current agent sessions in the dashboard:\nhttps://dashboard.ngrok.com/tunnels/agents\r\n\r\nERR_NGROK_108\r\n"
2024-09-17 16:16:01,335 - ERROR - t=2024-09-17T16:16:01+0000 lvl=eror msg="terminating with error" obj=app err="authentication failed: Your account is limited to 1 simultaneous ngrok agent sessions.\nYou can run multiple simultaneous tunnels from a single agent session by defining the tunnels in your agent configuration file and starting them with the command `ngrok start --all`.\nRead more about the agent configuration file: https://ngrok.com/docs/secure-tunnels/ngrok-agent/reference/config\nYou can view your current agent sessions in the dashboard:\nhttps://dashboard.ngrok.com/tunnels/agents\r\n\r\nERR_NGROK_108\r\n"
2024-09-17 16:16:01,354 - ERROR - t=2024-09-17T16:16:01+0000 lvl=eror msg="failed to reconnect session" obj=tunnels.session err="authentication failed: Your account is limited to 1 simultaneous ngrok agent sessions.\nYou can run multiple simultaneous tunnels from a single agent session by defining the tunnels in your agent configuration file and starting them with the command `ngrok start --all`.\nRead more about the agent configuration file: https://ngrok.com/docs/secure-tunnels/ngrok-agent/reference/config\nYou can view your current agent sessions in the dashboard:\nhttps://dashboard.ngrok.com/tunnels/agents\r\n\r\nERR_NGROK_108\r\n"
2024-09-17 16:16:01,369 - CRITICAL - t=2024-09-17T16:16:01+0000 lvl=crit msg="command failed" err="authentication failed: Your account is limited to 1 simultaneous ngrok agent sessions.\nYou can run multiple simultaneous tunnels from a single agent session by defining the tunnels in your agent configuration file and starting them with the command `ngrok start --all`.\nRead more about the agent configuration file: https://ngrok.com/docs/secure-tunnels/ngrok-agent/reference/config\nYou can view your current agent sessions in the dashboard:\nhttps://dashboard.ngrok.com/tunnels/agents\r\n\r\nERR_NGROK_108\r\n"
2024-09-17 16:16:01,365 - ERROR - t=2024-09-17T16:16:01+0000 lvl=eror msg="terminating with error" obj=app err="authentication failed: Your account is limited to 1 simultaneous ngrok agent sessions.\nYou can run multiple simultaneous tunnels from a single agent session by defining the tunnels in your agent configuration file and starting them with the command `ngrok start --all`.\nRead more about the agent configuration file: https://ngrok.com/docs/secure-tunnels/ngrok-agent/reference/config\nYou can view your current agent sessions in the dashboard:\nhttps://dashboard.ngrok.com/tunnels/agents\r\n\r\nERR_NGROK_108\r\n"
2024-09-17 16:16:01,372 - ERROR - t=2024-09-17T16:16:01+0000 lvl=eror msg="session closing" obj=tunnels.session err="authentication failed: Your account is limited to 1 simultaneous ngrok agent sessions.\nYou can run multiple simultaneous tunnels from a single agent session by defining the tunnels in your agent configuration file and starting them with the command `ngrok start --all`.\nRead more about the agent configuration file: https://ngrok.com/docs/secure-tunnels/ngrok-agent/reference/config\nYou can view your current agent sessions in the dashboard:\nhttps://dashboard.ngrok.com/tunnels/agents\r\n\r\nERR_NGROK_108\r\n"
2024-09-17 16:16:01,372 - CRITICAL - t=2024-09-17T16:16:01+0000 lvl=crit msg="command failed" err="authentication failed: Your account is limited to 1 simultaneous ngrok agent sessions.\nYou can run multiple simultaneous tunnels from a single agent session by defining the tunnels in your agent configuration file and starting them with the command `ngrok start --all`.\nRead more about the agent configuration file: https://ngrok.com/docs/secure-tunnels/ngrok-agent/reference/config\nYou can view your current agent sessions in the dashboard:\nhttps://dashboard.ngrok.com/tunnels/agents\r\n\r\nERR_NGROK_108\r\n"
2024-09-17 16:16:01,375 - ERROR - t=2024-09-17T16:16:01+0000 lvl=eror msg="failed to reconnect session" obj=tunnels.session err="authentication failed: Your account is limited to 1 simultaneous ngrok agent sessions.\nYou can run multiple simultaneous tunnels from a single agent session by defining the tunnels in your agent configuration file and starting them with the command `ngrok start --all`.\nRead more about the agent configuration file: https://ngrok.com/docs/secure-tunnels/ngrok-agent/reference/config\nYou can view your current agent sessions in the dashboard:\nhttps://dashboard.ngrok.com/tunnels/agents\r\n\r\nERR_NGROK_108\r\n"
2024-09-17 16:16:01,376 - ERROR - t=2024-09-17T16:16:01+0000 lvl=eror msg="session closing" obj=tunnels.session err="authentication failed: Your account is limited to 1 simultaneous ngrok agent sessions.\nYou can run multiple simultaneous tunnels from a single agent session by defining the tunnels in your agent configuration file and starting them with the command `ngrok start --all`.\nRead more about the agent configuration file: https://ngrok.com/docs/secure-tunnels/ngrok-agent/reference/config\nYou can view your current agent sessions in the dashboard:\nhttps://dashboard.ngrok.com/tunnels/agents\r\n\r\nERR_NGROK_108\r\n"
2024-09-17 16:16:01,377 - ERROR - t=2024-09-17T16:16:01+0000 lvl=eror msg="terminating with error" obj=app err="authentication failed: Your account is limited to 1 simultaneous ngrok agent sessions.\nYou can run multiple simultaneous tunnels from a single agent session by defining the tunnels in your agent configuration file and starting them with the command `ngrok start --all`.\nRead more about the agent configuration file: https://ngrok.com/docs/secure-tunnels/ngrok-agent/reference/config\nYou can view your current agent sessions in the dashboard:\nhttps://dashboard.ngrok.com/tunnels/agents\r\n\r\nERR_NGROK_108\r\n"
2024-09-17 16:16:01,379 - CRITICAL - t=2024-09-17T16:16:01+0000 lvl=crit msg="command failed" err="authentication failed: Your account is limited to 1 simultaneous ngrok agent sessions.\nYou can run multiple simultaneous tunnels from a single agent session by defining the tunnels in your agent configuration file and starting them with the command `ngrok start --all`.\nRead more about the agent configuration file: https://ngrok.com/docs/secure-tunnels/ngrok-agent/reference/config\nYou can view your current agent sessions in the dashboard:\nhttps://dashboard.ngrok.com/tunnels/agents\r\n\r\nERR_NGROK_108\r\n"
2024-09-17 16:16:41,697 - WARNING - Unknown option passed to Flask-CORS: support_credentials
2024-09-17 16:16:41,701 - WARNING - Unknown option passed to Flask-CORS: support_credentials
2024-09-17 16:16:41,702 - WARNING - Unknown option passed to Flask-CORS: support_credentials
2024-09-17 16:16:41,703 - WARNING - Unknown option passed to Flask-CORS: support_credentials
2024-09-17 16:16:41,709 - WARNING - Unknown option passed to Flask-CORS: support_credentials
2024-09-17 16:16:41,710 - WARNING - Unknown option passed to Flask-CORS: support_credentials
2024-09-17 16:16:41,929 - WARNING - Unknown option passed to Flask-CORS: support_credentials
2024-09-17 16:16:41,932 - WARNING - Unknown option passed to Flask-CORS: support_credentials
2024-09-17 16:16:53,466 - WARNING - Unknown option passed to Flask-CORS: support_credentials
2024-09-17 16:16:53,469 - WARNING - Unknown option passed to Flask-CORS: support_credentials
2024-09-17 16:16:53,469 - WARNING - Unknown option passed to Flask-CORS: support_credentials
2024-09-17 16:16:53,471 - WARNING - Unknown option passed to Flask-CORS: support_credentials
2024-09-17 16:16:53,474 - WARNING - Unknown option passed to Flask-CORS: support_credentials
2024-09-17 16:16:53,472 - WARNING - Unknown option passed to Flask-CORS: support_credentials
2024-09-17 16:16:53,482 - WARNING - Unknown option passed to Flask-CORS: support_credentials
2024-09-17 16:16:53,483 - WARNING - Unknown option passed to Flask-CORS: support_credentials
2024-09-17 16:17:04,953 - WARNING - Unknown option passed to Flask-CORS: support_credentials
2024-09-17 16:17:04,959 - WARNING - Unknown option passed to Flask-CORS: support_credentials
2024-09-17 16:17:04,954 - WARNING - Unknown option passed to Flask-CORS: support_credentials
2024-09-17 16:17:04,959 - WARNING - Unknown option passed to Flask-CORS: support_credentials
2024-09-17 16:17:04,961 - WARNING - Unknown option passed to Flask-CORS: support_credentials
2024-09-17 16:17:04,962 - WARNING - Unknown option passed to Flask-CORS: support_credentials
2024-09-17 16:17:04,967 - WARNING - Unknown option passed to Flask-CORS: support_credentials
2024-09-17 16:17:04,968 - WARNING - Unknown option passed to Flask-CORS: support_credentials
2024-09-17 16:17:16,464 - WARNING - Unknown option passed to Flask-CORS: support_credentials
2024-09-17 16:17:16,472 - WARNING - Unknown option passed to Flask-CORS: support_credentials
2024-09-17 16:17:16,476 - WARNING - Unknown option passed to Flask-CORS: support_credentials
2024-09-17 16:17:16,477 - WARNING - Unknown option passed to Flask-CORS: support_credentials
2024-09-17 16:17:16,479 - WARNING - Unknown option passed to Flask-CORS: support_credentials
2024-09-17 16:17:16,479 - WARNING - Unknown option passed to Flask-CORS: support_credentials
2024-09-17 16:17:16,475 - WARNING - Unknown option passed to Flask-CORS: support_credentials
2024-09-17 16:17:16,483 - WARNING - Unknown option passed to Flask-CORS: support_credentials
2024-09-17 16:17:27,486 - WARNING - Unknown option passed to Flask-CORS: support_credentials
2024-09-17 16:17:27,497 - WARNING - Unknown option passed to Flask-CORS: support_credentials
2024-09-17 16:17:27,494 - WARNING - Unknown option passed to Flask-CORS: support_credentials
2024-09-17 16:17:27,499 - WARNING - Unknown option passed to Flask-CORS: support_credentials
2024-09-17 16:17:27,497 - WARNING - Unknown option passed to Flask-CORS: support_credentials
2024-09-17 16:17:27,489 - WARNING - Unknown option passed to Flask-CORS: support_credentials
2024-09-17 16:17:27,500 - WARNING - Unknown option passed to Flask-CORS: support_credentials
2024-09-17 16:17:27,501 - WARNING - Unknown option passed to Flask-CORS: support_credentials
2024-09-17 16:45:47,128 - WARNING - Unknown option passed to Flask-CORS: support_credentials
2024-09-17 16:45:47,129 - WARNING - Unknown option passed to Flask-CORS: support_credentials
2024-09-17 16:45:47,133 - WARNING - Unknown option passed to Flask-CORS: support_credentials
2024-09-17 16:45:47,133 - WARNING - Unknown option passed to Flask-CORS: support_credentials
2024-09-17 16:45:47,130 - WARNING - Unknown option passed to Flask-CORS: support_credentials
2024-09-17 16:45:47,135 - WARNING - Unknown option passed to Flask-CORS: support_credentials
2024-09-17 16:45:47,137 - WARNING - Unknown option passed to Flask-CORS: support_credentials
2024-09-17 16:45:47,141 - WARNING - Unknown option passed to Flask-CORS: support_credentials
2024-09-17 16:45:47,796 - ERROR - t=2024-09-17T16:45:47+0000 lvl=eror msg="failed to reconnect session" obj=tunnels.session err="authentication failed: Your account is limited to 1 simultaneous ngrok agent sessions.\nYou can run multiple simultaneous tunnels from a single agent session by defining the tunnels in your agent configuration file and starting them with the command `ngrok start --all`.\nRead more about the agent configuration file: https://ngrok.com/docs/secure-tunnels/ngrok-agent/reference/config\nYou can view your current agent sessions in the dashboard:\nhttps://dashboard.ngrok.com/tunnels/agents\r\n\r\nERR_NGROK_108\r\n"
2024-09-17 16:45:47,797 - ERROR - t=2024-09-17T16:45:47+0000 lvl=eror msg="session closing" obj=tunnels.session err="authentication failed: Your account is limited to 1 simultaneous ngrok agent sessions.\nYou can run multiple simultaneous tunnels from a single agent session by defining the tunnels in your agent configuration file and starting them with the command `ngrok start --all`.\nRead more about the agent configuration file: https://ngrok.com/docs/secure-tunnels/ngrok-agent/reference/config\nYou can view your current agent sessions in the dashboard:\nhttps://dashboard.ngrok.com/tunnels/agents\r\n\r\nERR_NGROK_108\r\n"
2024-09-17 16:45:47,798 - ERROR - t=2024-09-17T16:45:47+0000 lvl=eror msg="terminating with error" obj=app err="authentication failed: Your account is limited to 1 simultaneous ngrok agent sessions.\nYou can run multiple simultaneous tunnels from a single agent session by defining the tunnels in your agent configuration file and starting them with the command `ngrok start --all`.\nRead more about the agent configuration file: https://ngrok.com/docs/secure-tunnels/ngrok-agent/reference/config\nYou can view your current agent sessions in the dashboard:\nhttps://dashboard.ngrok.com/tunnels/agents\r\n\r\nERR_NGROK_108\r\n"
2024-09-17 16:45:47,800 - CRITICAL - t=2024-09-17T16:45:47+0000 lvl=crit msg="command failed" err="authentication failed: Your account is limited to 1 simultaneous ngrok agent sessions.\nYou can run multiple simultaneous tunnels from a single agent session by defining the tunnels in your agent configuration file and starting them with the command `ngrok start --all`.\nRead more about the agent configuration file: https://ngrok.com/docs/secure-tunnels/ngrok-agent/reference/config\nYou can view your current agent sessions in the dashboard:\nhttps://dashboard.ngrok.com/tunnels/agents\r\n\r\nERR_NGROK_108\r\n"
2024-09-17 16:45:47,806 - ERROR - t=2024-09-17T16:45:47+0000 lvl=eror msg="failed to reconnect session" obj=tunnels.session err="authentication failed: Your account is limited to 1 simultaneous ngrok agent sessions.\nYou can run multiple simultaneous tunnels from a single agent session by defining the tunnels in your agent configuration file and starting them with the command `ngrok start --all`.\nRead more about the agent configuration file: https://ngrok.com/docs/secure-tunnels/ngrok-agent/reference/config\nYou can view your current agent sessions in the dashboard:\nhttps://dashboard.ngrok.com/tunnels/agents\r\n\r\nERR_NGROK_108\r\n"
2024-09-17 16:45:47,806 - ERROR - t=2024-09-17T16:45:47+0000 lvl=eror msg="session closing" obj=tunnels.session err="authentication failed: Your account is limited to 1 simultaneous ngrok agent sessions.\nYou can run multiple simultaneous tunnels from a single agent session by defining the tunnels in your agent configuration file and starting them with the command `ngrok start --all`.\nRead more about the agent configuration file: https://ngrok.com/docs/secure-tunnels/ngrok-agent/reference/config\nYou can view your current agent sessions in the dashboard:\nhttps://dashboard.ngrok.com/tunnels/agents\r\n\r\nERR_NGROK_108\r\n"
2024-09-17 16:45:47,807 - ERROR - t=2024-09-17T16:45:47+0000 lvl=eror msg="failed to reconnect session" obj=tunnels.session err="authentication failed: Your account is limited to 1 simultaneous ngrok agent sessions.\nYou can run multiple simultaneous tunnels from a single agent session by defining the tunnels in your agent configuration file and starting them with the command `ngrok start --all`.\nRead more about the agent configuration file: https://ngrok.com/docs/secure-tunnels/ngrok-agent/reference/config\nYou can view your current agent sessions in the dashboard:\nhttps://dashboard.ngrok.com/tunnels/agents\r\n\r\nERR_NGROK_108\r\n"
2024-09-17 16:45:47,808 - ERROR - t=2024-09-17T16:45:47+0000 lvl=eror msg="session closing" obj=tunnels.session err="authentication failed: Your account is limited to 1 simultaneous ngrok agent sessions.\nYou can run multiple simultaneous tunnels from a single agent session by defining the tunnels in your agent configuration file and starting them with the command `ngrok start --all`.\nRead more about the agent configuration file: https://ngrok.com/docs/secure-tunnels/ngrok-agent/reference/config\nYou can view your current agent sessions in the dashboard:\nhttps://dashboard.ngrok.com/tunnels/agents\r\n\r\nERR_NGROK_108\r\n"
2024-09-17 16:45:47,809 - ERROR - t=2024-09-17T16:45:47+0000 lvl=eror msg="terminating with error" obj=app err="authentication failed: Your account is limited to 1 simultaneous ngrok agent sessions.\nYou can run multiple simultaneous tunnels from a single agent session by defining the tunnels in your agent configuration file and starting them with the command `ngrok start --all`.\nRead more about the agent configuration file: https://ngrok.com/docs/secure-tunnels/ngrok-agent/reference/config\nYou can view your current agent sessions in the dashboard:\nhttps://dashboard.ngrok.com/tunnels/agents\r\n\r\nERR_NGROK_108\r\n"
2024-09-17 16:45:47,809 - CRITICAL - t=2024-09-17T16:45:47+0000 lvl=crit msg="command failed" err="authentication failed: Your account is limited to 1 simultaneous ngrok agent sessions.\nYou can run multiple simultaneous tunnels from a single agent session by defining the tunnels in your agent configuration file and starting them with the command `ngrok start --all`.\nRead more about the agent configuration file: https://ngrok.com/docs/secure-tunnels/ngrok-agent/reference/config\nYou can view your current agent sessions in the dashboard:\nhttps://dashboard.ngrok.com/tunnels/agents\r\n\r\nERR_NGROK_108\r\n"
2024-09-17 16:45:47,814 - ERROR - t=2024-09-17T16:45:47+0000 lvl=eror msg="terminating with error" obj=app err="authentication failed: Your account is limited to 1 simultaneous ngrok agent sessions.\nYou can run multiple simultaneous tunnels from a single agent session by defining the tunnels in your agent configuration file and starting them with the command `ngrok start --all`.\nRead more about the agent configuration file: https://ngrok.com/docs/secure-tunnels/ngrok-agent/reference/config\nYou can view your current agent sessions in the dashboard:\nhttps://dashboard.ngrok.com/tunnels/agents\r\n\r\nERR_NGROK_108\r\n"
2024-09-17 17:04:52,087 - WARNING - Unknown option passed to Flask-CORS: support_credentials
2024-09-17 17:04:52,080 - WARNING - Unknown option passed to Flask-CORS: support_credentials
2024-09-17 17:04:52,092 - WARNING - Unknown option passed to Flask-CORS: support_credentials
2024-09-17 17:04:52,092 - WARNING - Unknown option passed to Flask-CORS: support_credentials
2024-09-17 17:04:52,275 - WARNING - Unknown option passed to Flask-CORS: support_credentials
2024-09-17 17:04:52,280 - WARNING - Unknown option passed to Flask-CORS: support_credentials
2024-09-17 17:04:52,362 - WARNING - Unknown option passed to Flask-CORS: support_credentials
2024-09-17 17:04:52,366 - WARNING - Unknown option passed to Flask-CORS: support_credentials
2024-09-17 17:04:52,785 - ERROR - t=2024-09-17T17:04:52+0000 lvl=eror msg="failed to reconnect session" obj=tunnels.session err="authentication failed: Your account is limited to 1 simultaneous ngrok agent sessions.\nYou can run multiple simultaneous tunnels from a single agent session by defining the tunnels in your agent configuration file and starting them with the command `ngrok start --all`.\nRead more about the agent configuration file: https://ngrok.com/docs/secure-tunnels/ngrok-agent/reference/config\nYou can view your current agent sessions in the dashboard:\nhttps://dashboard.ngrok.com/tunnels/agents\r\n\r\nERR_NGROK_108\r\n"
2024-09-17 17:04:52,786 - ERROR - t=2024-09-17T17:04:52+0000 lvl=eror msg="session closing" obj=tunnels.session err="authentication failed: Your account is limited to 1 simultaneous ngrok agent sessions.\nYou can run multiple simultaneous tunnels from a single agent session by defining the tunnels in your agent configuration file and starting them with the command `ngrok start --all`.\nRead more about the agent configuration file: https://ngrok.com/docs/secure-tunnels/ngrok-agent/reference/config\nYou can view your current agent sessions in the dashboard:\nhttps://dashboard.ngrok.com/tunnels/agents\r\n\r\nERR_NGROK_108\r\n"
2024-09-17 17:04:52,786 - ERROR - t=2024-09-17T17:04:52+0000 lvl=eror msg="terminating with error" obj=app err="authentication failed: Your account is limited to 1 simultaneous ngrok agent sessions.\nYou can run multiple simultaneous tunnels from a single agent session by defining the tunnels in your agent configuration file and starting them with the command `ngrok start --all`.\nRead more about the agent configuration file: https://ngrok.com/docs/secure-tunnels/ngrok-agent/reference/config\nYou can view your current agent sessions in the dashboard:\nhttps://dashboard.ngrok.com/tunnels/agents\r\n\r\nERR_NGROK_108\r\n"
2024-09-17 17:04:52,788 - CRITICAL - t=2024-09-17T17:04:52+0000 lvl=crit msg="command failed" err="authentication failed: Your account is limited to 1 simultaneous ngrok agent sessions.\nYou can run multiple simultaneous tunnels from a single agent session by defining the tunnels in your agent configuration file and starting them with the command `ngrok start --all`.\nRead more about the agent configuration file: https://ngrok.com/docs/secure-tunnels/ngrok-agent/reference/config\nYou can view your current agent sessions in the dashboard:\nhttps://dashboard.ngrok.com/tunnels/agents\r\n\r\nERR_NGROK_108\r\n"
2024-09-17 17:04:52,863 - ERROR - t=2024-09-17T17:04:52+0000 lvl=eror msg="failed to reconnect session" obj=tunnels.session err="authentication failed: Your account is limited to 1 simultaneous ngrok agent sessions.\nYou can run multiple simultaneous tunnels from a single agent session by defining the tunnels in your agent configuration file and starting them with the command `ngrok start --all`.\nRead more about the agent configuration file: https://ngrok.com/docs/secure-tunnels/ngrok-agent/reference/config\nYou can view your current agent sessions in the dashboard:\nhttps://dashboard.ngrok.com/tunnels/agents\r\n\r\nERR_NGROK_108\r\n"
2024-09-17 17:04:52,869 - ERROR - t=2024-09-17T17:04:52+0000 lvl=eror msg="failed to reconnect session" obj=tunnels.session err="authentication failed: Your account is limited to 1 simultaneous ngrok agent sessions.\nYou can run multiple simultaneous tunnels from a single agent session by defining the tunnels in your agent configuration file and starting them with the command `ngrok start --all`.\nRead more about the agent configuration file: https://ngrok.com/docs/secure-tunnels/ngrok-agent/reference/config\nYou can view your current agent sessions in the dashboard:\nhttps://dashboard.ngrok.com/tunnels/agents\r\n\r\nERR_NGROK_108\r\n"
2024-09-17 17:04:53,177 - ERROR - t=2024-09-17T17:04:53+0000 lvl=eror msg="failed to reconnect session" obj=tunnels.session err="authentication failed: Your account is limited to 1 simultaneous ngrok agent sessions.\nYou can run multiple simultaneous tunnels from a single agent session by defining the tunnels in your agent configuration file and starting them with the command `ngrok start --all`.\nRead more about the agent configuration file: https://ngrok.com/docs/secure-tunnels/ngrok-agent/reference/config\nYou can view your current agent sessions in the dashboard:\nhttps://dashboard.ngrok.com/tunnels/agents\r\n\r\nERR_NGROK_108\r\n"
2024-09-17 17:04:53,177 - ERROR - t=2024-09-17T17:04:53+0000 lvl=eror msg="session closing" obj=tunnels.session err="authentication failed: Your account is limited to 1 simultaneous ngrok agent sessions.\nYou can run multiple simultaneous tunnels from a single agent session by defining the tunnels in your agent configuration file and starting them with the command `ngrok start --all`.\nRead more about the agent configuration file: https://ngrok.com/docs/secure-tunnels/ngrok-agent/reference/config\nYou can view your current agent sessions in the dashboard:\nhttps://dashboard.ngrok.com/tunnels/agents\r\n\r\nERR_NGROK_108\r\n"
2024-09-17 17:04:53,178 - ERROR - t=2024-09-17T17:04:53+0000 lvl=eror msg="terminating with error" obj=app err="authentication failed: Your account is limited to 1 simultaneous ngrok agent sessions.\nYou can run multiple simultaneous tunnels from a single agent session by defining the tunnels in your agent configuration file and starting them with the command `ngrok start --all`.\nRead more about the agent configuration file: https://ngrok.com/docs/secure-tunnels/ngrok-agent/reference/config\nYou can view your current agent sessions in the dashboard:\nhttps://dashboard.ngrok.com/tunnels/agents\r\n\r\nERR_NGROK_108\r\n"
2024-09-17 17:04:53,179 - CRITICAL - t=2024-09-17T17:04:53+0000 lvl=crit msg="command failed" err="authentication failed: Your account is limited to 1 simultaneous ngrok agent sessions.\nYou can run multiple simultaneous tunnels from a single agent session by defining the tunnels in your agent configuration file and starting them with the command `ngrok start --all`.\nRead more about the agent configuration file: https://ngrok.com/docs/secure-tunnels/ngrok-agent/reference/config\nYou can view your current agent sessions in the dashboard:\nhttps://dashboard.ngrok.com/tunnels/agents\r\n\r\nERR_NGROK_108\r\n"
2024-09-17 17:20:34,883 - WARNING - Unknown option passed to Flask-CORS: support_credentials
2024-09-17 17:20:34,884 - WARNING - Unknown option passed to Flask-CORS: support_credentials
2024-09-17 17:20:34,886 - WARNING - Unknown option passed to Flask-CORS: support_credentials
2024-09-17 17:20:34,890 - WARNING - Unknown option passed to Flask-CORS: support_credentials
2024-09-17 17:20:34,893 - WARNING - Unknown option passed to Flask-CORS: support_credentials
2024-09-17 17:20:34,896 - WARNING - Unknown option passed to Flask-CORS: support_credentials
2024-09-17 17:20:35,224 - WARNING - Unknown option passed to Flask-CORS: support_credentials
2024-09-17 17:20:35,231 - WARNING - Unknown option passed to Flask-CORS: support_credentials
2024-09-17 17:23:16,282 - WARNING - Unknown option passed to Flask-CORS: support_credentials
2024-09-17 17:23:16,288 - WARNING - Unknown option passed to Flask-CORS: support_credentials
2024-09-17 17:23:16,291 - WARNING - Unknown option passed to Flask-CORS: support_credentials
2024-09-17 17:23:16,294 - WARNING - Unknown option passed to Flask-CORS: support_credentials
2024-09-17 17:23:16,303 - WARNING - Unknown option passed to Flask-CORS: support_credentials
2024-09-17 17:23:16,307 - WARNING - Unknown option passed to Flask-CORS: support_credentials
2024-09-17 17:23:16,343 - WARNING - Unknown option passed to Flask-CORS: support_credentials
2024-09-17 17:23:16,347 - WARNING - Unknown option passed to Flask-CORS: support_credentials
2024-09-17 17:24:27,189 - WARNING - Unknown option passed to Flask-CORS: support_credentials
2024-09-17 17:24:27,190 - WARNING - Unknown option passed to Flask-CORS: support_credentials
2024-09-17 17:25:56,810 - WARNING - Unknown option passed to Flask-CORS: support_credentials
2024-09-17 17:25:56,811 - WARNING - Unknown option passed to Flask-CORS: support_credentials
2024-09-17 17:25:56,815 - WARNING - Unknown option passed to Flask-CORS: support_credentials
2024-09-17 17:25:56,813 - WARNING - Unknown option passed to Flask-CORS: support_credentials
2024-09-17 17:25:56,816 - WARNING - Unknown option passed to Flask-CORS: support_credentials
2024-09-17 17:25:56,816 - WARNING - Unknown option passed to Flask-CORS: support_credentials
2024-09-17 17:25:56,819 - WARNING - Unknown option passed to Flask-CORS: support_credentials
2024-09-17 17:25:56,824 - WARNING - Unknown option passed to Flask-CORS: support_credentials
2024-09-17 17:37:34,404 - WARNING - Unknown option passed to Flask-CORS: support_credentials
2024-09-17 17:37:34,405 - WARNING - Unknown option passed to Flask-CORS: support_credentials
2024-09-17 17:37:34,416 - WARNING - Unknown option passed to Flask-CORS: support_credentials
2024-09-17 17:37:34,416 - WARNING - Unknown option passed to Flask-CORS: support_credentials
2024-09-17 17:37:34,426 - WARNING - Unknown option passed to Flask-CORS: support_credentials
2024-09-17 17:37:34,429 - WARNING - Unknown option passed to Flask-CORS: support_credentials
2024-09-17 17:37:34,428 - WARNING - Unknown option passed to Flask-CORS: support_credentials
2024-09-17 17:37:34,436 - WARNING - Unknown option passed to Flask-CORS: support_credentials
2024-09-17 17:44:31,698 - WARNING - Unknown option passed to Flask-CORS: support_credentials
2024-09-17 17:44:31,699 - WARNING - Unknown option passed to Flask-CORS: support_credentials
2024-09-17 17:44:31,702 - WARNING - Unknown option passed to Flask-CORS: support_credentials
2024-09-17 17:44:31,702 - WARNING - Unknown option passed to Flask-CORS: support_credentials
2024-09-17 17:44:31,704 - WARNING - Unknown option passed to Flask-CORS: support_credentials
2024-09-17 17:44:31,704 - WARNING - Unknown option passed to Flask-CORS: support_credentials
2024-09-17 17:44:31,745 - WARNING - Unknown option passed to Flask-CORS: support_credentials
2024-09-17 17:44:31,748 - WARNING - Unknown option passed to Flask-CORS: support_credentials
2024-09-17 17:46:07,172 - WARNING - Unknown option passed to Flask-CORS: support_credentials
2024-09-17 17:46:07,176 - WARNING - Unknown option passed to Flask-CORS: support_credentials
2024-09-17 17:46:07,203 - WARNING - Unknown option passed to Flask-CORS: support_credentials
2024-09-17 17:46:07,207 - WARNING - Unknown option passed to Flask-CORS: support_credentials
2024-09-17 17:46:07,220 - WARNING - Unknown option passed to Flask-CORS: support_credentials
2024-09-17 17:46:07,226 - WARNING - Unknown option passed to Flask-CORS: support_credentials
2024-09-17 17:46:07,231 - WARNING - Unknown option passed to Flask-CORS: support_credentials
2024-09-17 17:46:07,233 - WARNING - Unknown option passed to Flask-CORS: support_credentials
2024-09-17 17:48:10,732 - WARNING - Unknown option passed to Flask-CORS: support_credentials
2024-09-17 17:48:10,735 - WARNING - Unknown option passed to Flask-CORS: support_credentials
2024-09-17 17:48:10,732 - WARNING - Unknown option passed to Flask-CORS: support_credentials
2024-09-17 17:48:10,736 - WARNING - Unknown option passed to Flask-CORS: support_credentials
2024-09-17 17:48:10,744 - WARNING - Unknown option passed to Flask-CORS: support_credentials
2024-09-17 17:48:10,745 - WARNING - Unknown option passed to Flask-CORS: support_credentials
2024-09-17 17:48:10,765 - WARNING - Unknown option passed to Flask-CORS: support_credentials
2024-09-17 17:48:10,768 - WARNING - Unknown option passed to Flask-CORS: support_credentials
2024-09-17 17:50:07,142 - WARNING - Unknown option passed to Flask-CORS: support_credentials
2024-09-17 17:50:07,146 - WARNING - Unknown option passed to Flask-CORS: support_credentials
2024-09-17 17:50:07,147 - WARNING - Unknown option passed to Flask-CORS: support_credentials
2024-09-17 17:50:07,149 - WARNING - Unknown option passed to Flask-CORS: support_credentials
2024-09-17 17:50:07,148 - WARNING - Unknown option passed to Flask-CORS: support_credentials
2024-09-17 17:50:07,151 - WARNING - Unknown option passed to Flask-CORS: support_credentials
2024-09-17 17:50:07,153 - WARNING - Unknown option passed to Flask-CORS: support_credentials
2024-09-17 17:50:07,156 - WARNING - Unknown option passed to Flask-CORS: support_credentials
2024-09-17 17:51:25,129 - WARNING - Unknown option passed to Flask-CORS: support_credentials
2024-09-17 17:51:25,134 - WARNING - Unknown option passed to Flask-CORS: support_credentials
2024-09-17 17:51:25,148 - WARNING - Unknown option passed to Flask-CORS: support_credentials
2024-09-17 17:51:25,149 - WARNING - Unknown option passed to Flask-CORS: support_credentials
2024-09-17 17:51:25,148 - WARNING - Unknown option passed to Flask-CORS: support_credentials
2024-09-17 17:51:25,150 - WARNING - Unknown option passed to Flask-CORS: support_credentials
2024-09-17 17:51:25,225 - WARNING - Unknown option passed to Flask-CORS: support_credentials
2024-09-17 17:51:25,227 - WARNING - Unknown option passed to Flask-CORS: support_credentials
2024-09-17 17:59:47,260 - WARNING - Unknown option passed to Flask-CORS: support_credentials
2024-09-17 17:59:47,271 - WARNING - Unknown option passed to Flask-CORS: support_credentials
2024-09-17 17:59:47,273 - WARNING - Unknown option passed to Flask-CORS: support_credentials
2024-09-17 17:59:47,275 - WARNING - Unknown option passed to Flask-CORS: support_credentials
2024-09-17 17:59:47,277 - WARNING - Unknown option passed to Flask-CORS: support_credentials
2024-09-17 17:59:47,269 - WARNING - Unknown option passed to Flask-CORS: support_credentials
2024-09-17 17:59:47,278 - WARNING - Unknown option passed to Flask-CORS: support_credentials
2024-09-17 17:59:47,279 - WARNING - Unknown option passed to Flask-CORS: support_credentials
2024-09-17 17:59:56,768 - WARNING - Unknown option passed to Flask-CORS: support_credentials
2024-09-17 17:59:56,779 - WARNING - Unknown option passed to Flask-CORS: support_credentials
2024-09-17 17:59:56,775 - WARNING - Unknown option passed to Flask-CORS: support_credentials
2024-09-17 17:59:56,781 - WARNING - Unknown option passed to Flask-CORS: support_credentials
2024-09-17 17:59:56,778 - WARNING - Unknown option passed to Flask-CORS: support_credentials
2024-09-17 17:59:56,783 - WARNING - Unknown option passed to Flask-CORS: support_credentials
2024-09-17 17:59:56,790 - WARNING - Unknown option passed to Flask-CORS: support_credentials
2024-09-17 17:59:56,791 - WARNING - Unknown option passed to Flask-CORS: support_credentials
2024-09-17 18:00:06,929 - WARNING - Unknown option passed to Flask-CORS: support_credentials
2024-09-17 18:00:06,936 - WARNING - Unknown option passed to Flask-CORS: support_credentials
2024-09-17 18:00:06,933 - WARNING - Unknown option passed to Flask-CORS: support_credentials
2024-09-17 18:00:06,938 - WARNING - Unknown option passed to Flask-CORS: support_credentials
2024-09-17 18:00:06,936 - WARNING - Unknown option passed to Flask-CORS: support_credentials
2024-09-17 18:00:06,939 - WARNING - Unknown option passed to Flask-CORS: support_credentials
2024-09-17 18:00:06,941 - WARNING - Unknown option passed to Flask-CORS: support_credentials
2024-09-17 18:00:06,941 - WARNING - Unknown option passed to Flask-CORS: support_credentials
2024-09-17 18:00:16,210 - WARNING - Unknown option passed to Flask-CORS: support_credentials
2024-09-17 18:00:16,216 - WARNING - Unknown option passed to Flask-CORS: support_credentials
2024-09-17 18:00:16,217 - WARNING - Unknown option passed to Flask-CORS: support_credentials
2024-09-17 18:00:16,219 - WARNING - Unknown option passed to Flask-CORS: support_credentials
2024-09-17 18:00:16,218 - WARNING - Unknown option passed to Flask-CORS: support_credentials
2024-09-17 18:00:16,222 - WARNING - Unknown option passed to Flask-CORS: support_credentials
2024-09-17 18:00:16,223 - WARNING - Unknown option passed to Flask-CORS: support_credentials
2024-09-17 18:00:16,224 - WARNING - Unknown option passed to Flask-CORS: support_credentials
2024-09-17 18:00:25,525 - WARNING - Unknown option passed to Flask-CORS: support_credentials
2024-09-17 18:00:25,542 - WARNING - Unknown option passed to Flask-CORS: support_credentials
2024-09-17 18:00:25,533 - WARNING - Unknown option passed to Flask-CORS: support_credentials
2024-09-17 18:00:25,542 - WARNING - Unknown option passed to Flask-CORS: support_credentials
2024-09-17 18:00:25,529 - WARNING - Unknown option passed to Flask-CORS: support_credentials
2024-09-17 18:00:25,543 - WARNING - Unknown option passed to Flask-CORS: support_credentials
2024-09-17 18:00:25,545 - WARNING - Unknown option passed to Flask-CORS: support_credentials
2024-09-17 18:00:25,546 - WARNING - Unknown option passed to Flask-CORS: support_credentials
2024-09-17 18:00:34,314 - WARNING - Unknown option passed to Flask-CORS: support_credentials
2024-09-17 18:00:34,330 - WARNING - Unknown option passed to Flask-CORS: support_credentials
2024-09-17 18:00:34,326 - WARNING - Unknown option passed to Flask-CORS: support_credentials
2024-09-17 18:00:34,324 - WARNING - Unknown option passed to Flask-CORS: support_credentials
2024-09-17 18:00:34,331 - WARNING - Unknown option passed to Flask-CORS: support_credentials
2024-09-17 18:00:34,310 - WARNING - Unknown option passed to Flask-CORS: support_credentials
2024-09-17 18:00:34,333 - WARNING - Unknown option passed to Flask-CORS: support_credentials
2024-09-17 18:00:34,334 - WARNING - Unknown option passed to Flask-CORS: support_credentials
2024-09-17 18:00:43,455 - WARNING - Unknown option passed to Flask-CORS: support_credentials
2024-09-17 18:00:43,465 - WARNING - Unknown option passed to Flask-CORS: support_credentials
2024-09-17 18:00:43,457 - WARNING - Unknown option passed to Flask-CORS: support_credentials
2024-09-17 18:00:43,466 - WARNING - Unknown option passed to Flask-CORS: support_credentials
2024-09-17 18:00:43,461 - WARNING - Unknown option passed to Flask-CORS: support_credentials
2024-09-17 18:00:43,467 - WARNING - Unknown option passed to Flask-CORS: support_credentials
2024-09-17 18:00:43,464 - WARNING - Unknown option passed to Flask-CORS: support_credentials
2024-09-17 18:00:43,468 - WARNING - Unknown option passed to Flask-CORS: support_credentials
2024-09-17 18:00:52,801 - WARNING - Unknown option passed to Flask-CORS: support_credentials
2024-09-17 18:00:52,802 - WARNING - Unknown option passed to Flask-CORS: support_credentials
2024-09-17 18:00:52,821 - WARNING - Unknown option passed to Flask-CORS: support_credentials
2024-09-17 18:00:52,821 - WARNING - Unknown option passed to Flask-CORS: support_credentials
2024-09-17 18:00:52,806 - WARNING - Unknown option passed to Flask-CORS: support_credentials
2024-09-17 18:00:52,823 - WARNING - Unknown option passed to Flask-CORS: support_credentials
2024-09-17 18:00:52,812 - WARNING - Unknown option passed to Flask-CORS: support_credentials
2024-09-17 18:00:52,823 - WARNING - Unknown option passed to Flask-CORS: support_credentials
2024-09-17 18:01:01,510 - WARNING - Unknown option passed to Flask-CORS: support_credentials
2024-09-17 18:01:01,510 - WARNING - Unknown option passed to Flask-CORS: support_credentials
2024-09-17 18:01:01,515 - WARNING - Unknown option passed to Flask-CORS: support_credentials
2024-09-17 18:01:01,516 - WARNING - Unknown option passed to Flask-CORS: support_credentials
2024-09-17 18:01:01,507 - WARNING - Unknown option passed to Flask-CORS: support_credentials
2024-09-17 18:01:01,524 - WARNING - Unknown option passed to Flask-CORS: support_credentials
2024-09-17 18:01:01,535 - WARNING - Unknown option passed to Flask-CORS: support_credentials
2024-09-17 18:01:01,536 - WARNING - Unknown option passed to Flask-CORS: support_credentials
2024-09-17 18:01:11,616 - WARNING - Unknown option passed to Flask-CORS: support_credentials
2024-09-17 18:01:11,644 - WARNING - Unknown option passed to Flask-CORS: support_credentials
2024-09-17 18:01:11,649 - WARNING - Unknown option passed to Flask-CORS: support_credentials
2024-09-17 18:01:11,650 - WARNING - Unknown option passed to Flask-CORS: support_credentials
2024-09-17 18:01:11,668 - WARNING - Unknown option passed to Flask-CORS: support_credentials
2024-09-17 18:01:11,669 - WARNING - Unknown option passed to Flask-CORS: support_credentials
2024-09-17 18:01:11,700 - WARNING - Unknown option passed to Flask-CORS: support_credentials
2024-09-17 18:01:11,702 - WARNING - Unknown option passed to Flask-CORS: support_credentials
2024-09-17 18:01:21,105 - WARNING - Unknown option passed to Flask-CORS: support_credentials
2024-09-17 18:01:21,106 - WARNING - Unknown option passed to Flask-CORS: support_credentials
2024-09-17 18:01:21,110 - WARNING - Unknown option passed to Flask-CORS: support_credentials
2024-09-17 18:01:21,110 - WARNING - Unknown option passed to Flask-CORS: support_credentials
2024-09-17 18:01:21,114 - WARNING - Unknown option passed to Flask-CORS: support_credentials
2024-09-17 18:01:21,114 - WARNING - Unknown option passed to Flask-CORS: support_credentials
2024-09-17 18:01:21,118 - WARNING - Unknown option passed to Flask-CORS: support_credentials
2024-09-17 18:01:21,121 - WARNING - Unknown option passed to Flask-CORS: support_credentials
2024-09-17 18:01:29,543 - WARNING - Unknown option passed to Flask-CORS: support_credentials
2024-09-17 18:01:29,555 - WARNING - Unknown option passed to Flask-CORS: support_credentials
2024-09-17 18:01:29,545 - WARNING - Unknown option passed to Flask-CORS: support_credentials
2024-09-17 18:01:29,554 - WARNING - Unknown option passed to Flask-CORS: support_credentials
2024-09-17 18:01:29,555 - WARNING - Unknown option passed to Flask-CORS: support_credentials
2024-09-17 18:01:29,555 - WARNING - Unknown option passed to Flask-CORS: support_credentials
2024-09-17 18:01:29,559 - WARNING - Unknown option passed to Flask-CORS: support_credentials
2024-09-17 18:01:29,562 - WARNING - Unknown option passed to Flask-CORS: support_credentials
2024-09-17 18:01:38,693 - WARNING - Unknown option passed to Flask-CORS: support_credentials
2024-09-17 18:01:38,694 - WARNING - Unknown option passed to Flask-CORS: support_credentials
2024-09-17 18:01:38,691 - WARNING - Unknown option passed to Flask-CORS: support_credentials
2024-09-17 18:01:38,706 - WARNING - Unknown option passed to Flask-CORS: support_credentials
2024-09-17 18:01:38,702 - WARNING - Unknown option passed to Flask-CORS: support_credentials
2024-09-17 18:01:38,709 - WARNING - Unknown option passed to Flask-CORS: support_credentials
2024-09-17 18:01:38,704 - WARNING - Unknown option passed to Flask-CORS: support_credentials
2024-09-17 18:01:38,711 - WARNING - Unknown option passed to Flask-CORS: support_credentials
2024-09-17 18:01:47,816 - WARNING - Unknown option passed to Flask-CORS: support_credentials
2024-09-17 18:01:47,820 - WARNING - Unknown option passed to Flask-CORS: support_credentials
2024-09-17 18:01:47,821 - WARNING - Unknown option passed to Flask-CORS: support_credentials
2024-09-17 18:01:47,826 - WARNING - Unknown option passed to Flask-CORS: support_credentials
2024-09-17 18:01:47,827 - WARNING - Unknown option passed to Flask-CORS: support_credentials
2024-09-17 18:01:47,821 - WARNING - Unknown option passed to Flask-CORS: support_credentials
2024-09-17 18:01:47,833 - WARNING - Unknown option passed to Flask-CORS: support_credentials
2024-09-17 18:01:47,835 - WARNING - Unknown option passed to Flask-CORS: support_credentials
2024-09-17 18:01:56,590 - WARNING - Unknown option passed to Flask-CORS: support_credentials
2024-09-17 18:01:56,609 - WARNING - Unknown option passed to Flask-CORS: support_credentials
2024-09-17 18:01:56,598 - WARNING - Unknown option passed to Flask-CORS: support_credentials
2024-09-17 18:01:56,598 - WARNING - Unknown option passed to Flask-CORS: support_credentials
2024-09-17 18:01:56,611 - WARNING - Unknown option passed to Flask-CORS: support_credentials
2024-09-17 18:01:56,613 - WARNING - Unknown option passed to Flask-CORS: support_credentials
2024-09-17 18:01:56,607 - WARNING - Unknown option passed to Flask-CORS: support_credentials
2024-09-17 18:01:56,616 - WARNING - Unknown option passed to Flask-CORS: support_credentials
2024-09-17 18:02:05,047 - WARNING - Unknown option passed to Flask-CORS: support_credentials
2024-09-17 18:02:05,047 - WARNING - Unknown option passed to Flask-CORS: support_credentials
2024-09-17 18:02:05,054 - WARNING - Unknown option passed to Flask-CORS: support_credentials
2024-09-17 18:02:05,054 - WARNING - Unknown option passed to Flask-CORS: support_credentials
2024-09-17 18:02:05,057 - WARNING - Unknown option passed to Flask-CORS: support_credentials
2024-09-17 18:02:05,057 - WARNING - Unknown option passed to Flask-CORS: support_credentials
2024-09-17 18:02:05,058 - WARNING - Unknown option passed to Flask-CORS: support_credentials
2024-09-17 18:02:05,058 - WARNING - Unknown option passed to Flask-CORS: support_credentials
2024-09-17 18:02:13,433 - WARNING - Unknown option passed to Flask-CORS: support_credentials
2024-09-17 18:02:13,444 - WARNING - Unknown option passed to Flask-CORS: support_credentials
2024-09-17 18:02:13,437 - WARNING - Unknown option passed to Flask-CORS: support_credentials
2024-09-17 18:02:13,446 - WARNING - Unknown option passed to Flask-CORS: support_credentials
2024-09-17 18:02:13,442 - WARNING - Unknown option passed to Flask-CORS: support_credentials
2024-09-17 18:02:13,430 - WARNING - Unknown option passed to Flask-CORS: support_credentials
2024-09-17 18:02:13,447 - WARNING - Unknown option passed to Flask-CORS: support_credentials
2024-09-17 18:02:13,448 - WARNING - Unknown option passed to Flask-CORS: support_credentials
2024-09-17 18:02:21,953 - WARNING - Unknown option passed to Flask-CORS: support_credentials
2024-09-17 18:02:21,961 - WARNING - Unknown option passed to Flask-CORS: support_credentials
2024-09-17 18:02:21,961 - WARNING - Unknown option passed to Flask-CORS: support_credentials
2024-09-17 18:02:21,965 - WARNING - Unknown option passed to Flask-CORS: support_credentials
2024-09-17 18:02:21,964 - WARNING - Unknown option passed to Flask-CORS: support_credentials
2024-09-17 18:02:21,970 - WARNING - Unknown option passed to Flask-CORS: support_credentials
2024-09-17 18:02:21,943 - WARNING - Unknown option passed to Flask-CORS: support_credentials
2024-09-17 18:02:21,972 - WARNING - Unknown option passed to Flask-CORS: support_credentials
2024-09-17 18:02:30,256 - WARNING - Unknown option passed to Flask-CORS: support_credentials
2024-09-17 18:02:30,263 - WARNING - Unknown option passed to Flask-CORS: support_credentials
2024-09-17 18:02:30,260 - WARNING - Unknown option passed to Flask-CORS: support_credentials
2024-09-17 18:02:30,263 - WARNING - Unknown option passed to Flask-CORS: support_credentials
2024-09-17 18:02:30,250 - WARNING - Unknown option passed to Flask-CORS: support_credentials
2024-09-17 18:02:30,267 - WARNING - Unknown option passed to Flask-CORS: support_credentials
2024-09-17 18:02:30,269 - WARNING - Unknown option passed to Flask-CORS: support_credentials
2024-09-17 18:02:30,270 - WARNING - Unknown option passed to Flask-CORS: support_credentials
2024-09-17 18:02:38,754 - WARNING - Unknown option passed to Flask-CORS: support_credentials
2024-09-17 18:02:38,754 - WARNING - Unknown option passed to Flask-CORS: support_credentials
2024-09-17 18:02:38,757 - WARNING - Unknown option passed to Flask-CORS: support_credentials
2024-09-17 18:02:38,757 - WARNING - Unknown option passed to Flask-CORS: support_credentials
2024-09-17 18:02:38,765 - WARNING - Unknown option passed to Flask-CORS: support_credentials
2024-09-17 18:02:38,766 - WARNING - Unknown option passed to Flask-CORS: support_credentials
2024-09-17 18:02:38,759 - WARNING - Unknown option passed to Flask-CORS: support_credentials
2024-09-17 18:02:38,768 - WARNING - Unknown option passed to Flask-CORS: support_credentials
2024-09-17 18:02:47,131 - WARNING - Unknown option passed to Flask-CORS: support_credentials
2024-09-17 18:02:47,136 - WARNING - Unknown option passed to Flask-CORS: support_credentials
2024-09-17 18:02:47,141 - WARNING - Unknown option passed to Flask-CORS: support_credentials
2024-09-17 18:02:47,141 - WARNING - Unknown option passed to Flask-CORS: support_credentials
2024-09-17 18:02:47,136 - WARNING - Unknown option passed to Flask-CORS: support_credentials
2024-09-17 18:02:47,144 - WARNING - Unknown option passed to Flask-CORS: support_credentials
2024-09-17 18:02:47,164 - WARNING - Unknown option passed to Flask-CORS: support_credentials
2024-09-17 18:02:47,165 - WARNING - Unknown option passed to Flask-CORS: support_credentials
2024-09-17 18:02:55,129 - WARNING - Unknown option passed to Flask-CORS: support_credentials
2024-09-17 18:02:55,130 - WARNING - Unknown option passed to Flask-CORS: support_credentials
2024-09-17 18:02:55,127 - WARNING - Unknown option passed to Flask-CORS: support_credentials
2024-09-17 18:02:55,131 - WARNING - Unknown option passed to Flask-CORS: support_credentials
2024-09-17 18:02:55,134 - WARNING - Unknown option passed to Flask-CORS: support_credentials
2024-09-17 18:02:55,134 - WARNING - Unknown option passed to Flask-CORS: support_credentials
2024-09-17 18:02:55,129 - WARNING - Unknown option passed to Flask-CORS: support_credentials
2024-09-17 18:02:55,136 - WARNING - Unknown option passed to Flask-CORS: support_credentials
2024-09-17 18:03:04,115 - WARNING - Unknown option passed to Flask-CORS: support_credentials
2024-09-17 18:03:04,117 - WARNING - Unknown option passed to Flask-CORS: support_credentials
2024-09-17 18:03:04,119 - WARNING - Unknown option passed to Flask-CORS: support_credentials
2024-09-17 18:03:04,156 - WARNING - Unknown option passed to Flask-CORS: support_credentials
2024-09-17 18:03:04,157 - WARNING - Unknown option passed to Flask-CORS: support_credentials
2024-09-17 18:03:04,158 - WARNING - Unknown option passed to Flask-CORS: support_credentials
2024-09-17 18:03:04,186 - WARNING - Unknown option passed to Flask-CORS: support_credentials
2024-09-17 18:03:04,187 - WARNING - Unknown option passed to Flask-CORS: support_credentials
2024-09-17 18:03:13,582 - WARNING - Unknown option passed to Flask-CORS: support_credentials
2024-09-17 18:03:13,584 - WARNING - Unknown option passed to Flask-CORS: support_credentials
2024-09-17 18:03:13,583 - WARNING - Unknown option passed to Flask-CORS: support_credentials
2024-09-17 18:03:13,583 - WARNING - Unknown option passed to Flask-CORS: support_credentials
2024-09-17 18:03:13,586 - WARNING - Unknown option passed to Flask-CORS: support_credentials
2024-09-17 18:03:13,587 - WARNING - Unknown option passed to Flask-CORS: support_credentials
2024-09-17 18:03:13,590 - WARNING - Unknown option passed to Flask-CORS: support_credentials
2024-09-17 18:03:13,591 - WARNING - Unknown option passed to Flask-CORS: support_credentials
2024-09-17 18:03:22,138 - WARNING - Unknown option passed to Flask-CORS: support_credentials
2024-09-17 18:03:22,140 - WARNING - Unknown option passed to Flask-CORS: support_credentials
2024-09-17 18:03:22,139 - WARNING - Unknown option passed to Flask-CORS: support_credentials
2024-09-17 18:03:22,143 - WARNING - Unknown option passed to Flask-CORS: support_credentials
2024-09-17 18:03:22,140 - WARNING - Unknown option passed to Flask-CORS: support_credentials
2024-09-17 18:03:22,145 - WARNING - Unknown option passed to Flask-CORS: support_credentials
2024-09-17 18:03:22,123 - WARNING - Unknown option passed to Flask-CORS: support_credentials
2024-09-17 18:03:22,145 - WARNING - Unknown option passed to Flask-CORS: support_credentials
2024-09-17 18:03:31,037 - WARNING - Unknown option passed to Flask-CORS: support_credentials
2024-09-17 18:03:31,037 - WARNING - Unknown option passed to Flask-CORS: support_credentials
2024-09-17 18:03:31,042 - WARNING - Unknown option passed to Flask-CORS: support_credentials
2024-09-17 18:03:31,055 - WARNING - Unknown option passed to Flask-CORS: support_credentials
2024-09-17 18:03:31,031 - WARNING - Unknown option passed to Flask-CORS: support_credentials
2024-09-17 18:03:31,055 - WARNING - Unknown option passed to Flask-CORS: support_credentials
2024-09-17 18:03:31,050 - WARNING - Unknown option passed to Flask-CORS: support_credentials
2024-09-17 18:03:31,058 - WARNING - Unknown option passed to Flask-CORS: support_credentials
2024-09-17 18:03:39,379 - WARNING - Unknown option passed to Flask-CORS: support_credentials
2024-09-17 18:03:39,400 - WARNING - Unknown option passed to Flask-CORS: support_credentials
2024-09-17 18:03:39,382 - WARNING - Unknown option passed to Flask-CORS: support_credentials
2024-09-17 18:03:39,401 - WARNING - Unknown option passed to Flask-CORS: support_credentials
2024-09-17 18:03:39,393 - WARNING - Unknown option passed to Flask-CORS: support_credentials
2024-09-17 18:03:39,402 - WARNING - Unknown option passed to Flask-CORS: support_credentials
2024-09-17 18:03:39,399 - WARNING - Unknown option passed to Flask-CORS: support_credentials
2024-09-17 18:03:39,407 - WARNING - Unknown option passed to Flask-CORS: support_credentials
2024-09-17 18:03:48,141 - WARNING - Unknown option passed to Flask-CORS: support_credentials
2024-09-17 18:03:48,144 - WARNING - Unknown option passed to Flask-CORS: support_credentials
2024-09-17 18:03:48,157 - WARNING - Unknown option passed to Flask-CORS: support_credentials
2024-09-17 18:03:48,156 - WARNING - Unknown option passed to Flask-CORS: support_credentials
2024-09-17 18:03:48,159 - WARNING - Unknown option passed to Flask-CORS: support_credentials
2024-09-17 18:03:48,160 - WARNING - Unknown option passed to Flask-CORS: support_credentials
2024-09-17 18:03:48,176 - WARNING - Unknown option passed to Flask-CORS: support_credentials
2024-09-17 18:03:48,180 - WARNING - Unknown option passed to Flask-CORS: support_credentials
2024-09-17 18:03:56,721 - WARNING - Unknown option passed to Flask-CORS: support_credentials
2024-09-17 18:03:56,732 - WARNING - Unknown option passed to Flask-CORS: support_credentials
2024-09-17 18:03:56,727 - WARNING - Unknown option passed to Flask-CORS: support_credentials
2024-09-17 18:03:56,734 - WARNING - Unknown option passed to Flask-CORS: support_credentials
2024-09-17 18:03:56,731 - WARNING - Unknown option passed to Flask-CORS: support_credentials
2024-09-17 18:03:56,735 - WARNING - Unknown option passed to Flask-CORS: support_credentials
2024-09-17 18:03:56,738 - WARNING - Unknown option passed to Flask-CORS: support_credentials
2024-09-17 18:03:56,739 - WARNING - Unknown option passed to Flask-CORS: support_credentials
2024-09-17 18:04:06,137 - WARNING - Unknown option passed to Flask-CORS: support_credentials
2024-09-17 18:04:06,137 - WARNING - Unknown option passed to Flask-CORS: support_credentials
2024-09-17 18:04:06,140 - WARNING - Unknown option passed to Flask-CORS: support_credentials
2024-09-17 18:04:06,141 - WARNING - Unknown option passed to Flask-CORS: support_credentials
2024-09-17 18:04:06,147 - WARNING - Unknown option passed to Flask-CORS: support_credentials
2024-09-17 18:04:06,147 - WARNING - Unknown option passed to Flask-CORS: support_credentials
2024-09-17 18:04:06,153 - WARNING - Unknown option passed to Flask-CORS: support_credentials
2024-09-17 18:04:06,153 - WARNING - Unknown option passed to Flask-CORS: support_credentials
2024-09-17 18:04:15,127 - WARNING - Unknown option passed to Flask-CORS: support_credentials
2024-09-17 18:04:15,138 - WARNING - Unknown option passed to Flask-CORS: support_credentials
2024-09-17 18:04:15,134 - WARNING - Unknown option passed to Flask-CORS: support_credentials
2024-09-17 18:04:15,139 - WARNING - Unknown option passed to Flask-CORS: support_credentials
2024-09-17 18:04:15,130 - WARNING - Unknown option passed to Flask-CORS: support_credentials
2024-09-17 18:04:15,139 - WARNING - Unknown option passed to Flask-CORS: support_credentials
2024-09-17 18:04:15,141 - WARNING - Unknown option passed to Flask-CORS: support_credentials
2024-09-17 18:04:15,141 - WARNING - Unknown option passed to Flask-CORS: support_credentials
2024-09-17 18:04:24,290 - WARNING - Unknown option passed to Flask-CORS: support_credentials
2024-09-17 18:04:24,290 - WARNING - Unknown option passed to Flask-CORS: support_credentials
2024-09-17 18:04:24,286 - WARNING - Unknown option passed to Flask-CORS: support_credentials
2024-09-17 18:04:24,296 - WARNING - Unknown option passed to Flask-CORS: support_credentials
2024-09-17 18:04:24,371 - WARNING - Unknown option passed to Flask-CORS: support_credentials
2024-09-17 18:04:24,373 - WARNING - Unknown option passed to Flask-CORS: support_credentials
2024-09-17 18:04:24,420 - WARNING - Unknown option passed to Flask-CORS: support_credentials
2024-09-17 18:04:24,421 - WARNING - Unknown option passed to Flask-CORS: support_credentials
2024-09-17 18:04:32,738 - WARNING - Unknown option passed to Flask-CORS: support_credentials
2024-09-17 18:04:32,760 - WARNING - Unknown option passed to Flask-CORS: support_credentials
2024-09-17 18:04:32,749 - WARNING - Unknown option passed to Flask-CORS: support_credentials
2024-09-17 18:04:32,761 - WARNING - Unknown option passed to Flask-CORS: support_credentials
2024-09-17 18:04:32,752 - WARNING - Unknown option passed to Flask-CORS: support_credentials
2024-09-17 18:04:32,767 - WARNING - Unknown option passed to Flask-CORS: support_credentials
2024-09-17 18:04:32,745 - WARNING - Unknown option passed to Flask-CORS: support_credentials
2024-09-17 18:04:32,768 - WARNING - Unknown option passed to Flask-CORS: support_credentials
2024-09-17 18:04:41,041 - WARNING - Unknown option passed to Flask-CORS: support_credentials
2024-09-17 18:04:41,050 - WARNING - Unknown option passed to Flask-CORS: support_credentials
2024-09-17 18:04:41,044 - WARNING - Unknown option passed to Flask-CORS: support_credentials
2024-09-17 18:04:41,051 - WARNING - Unknown option passed to Flask-CORS: support_credentials
2024-09-17 18:04:41,048 - WARNING - Unknown option passed to Flask-CORS: support_credentials
2024-09-17 18:04:41,051 - WARNING - Unknown option passed to Flask-CORS: support_credentials
2024-09-17 18:04:41,086 - WARNING - Unknown option passed to Flask-CORS: support_credentials
2024-09-17 18:04:41,086 - WARNING - Unknown option passed to Flask-CORS: support_credentials
2024-09-17 18:04:49,578 - WARNING - Unknown option passed to Flask-CORS: support_credentials
2024-09-17 18:04:49,578 - WARNING - Unknown option passed to Flask-CORS: support_credentials
2024-09-17 18:04:49,580 - WARNING - Unknown option passed to Flask-CORS: support_credentials
2024-09-17 18:04:49,581 - WARNING - Unknown option passed to Flask-CORS: support_credentials
2024-09-17 18:04:49,586 - WARNING - Unknown option passed to Flask-CORS: support_credentials
2024-09-17 18:04:49,588 - WARNING - Unknown option passed to Flask-CORS: support_credentials
2024-09-17 18:04:49,598 - WARNING - Unknown option passed to Flask-CORS: support_credentials
2024-09-17 18:04:49,598 - WARNING - Unknown option passed to Flask-CORS: support_credentials
2024-09-17 18:04:57,454 - WARNING - Unknown option passed to Flask-CORS: support_credentials
2024-09-17 18:04:57,459 - WARNING - Unknown option passed to Flask-CORS: support_credentials
2024-09-17 18:04:57,458 - WARNING - Unknown option passed to Flask-CORS: support_credentials
2024-09-17 18:04:57,466 - WARNING - Unknown option passed to Flask-CORS: support_credentials
2024-09-17 18:04:57,474 - WARNING - Unknown option passed to Flask-CORS: support_credentials
2024-09-17 18:04:57,474 - WARNING - Unknown option passed to Flask-CORS: support_credentials
2024-09-17 18:04:57,496 - WARNING - Unknown option passed to Flask-CORS: support_credentials
2024-09-17 18:04:57,505 - WARNING - Unknown option passed to Flask-CORS: support_credentials
2024-09-17 18:05:06,825 - WARNING - Unknown option passed to Flask-CORS: support_credentials
2024-09-17 18:05:06,825 - WARNING - Unknown option passed to Flask-CORS: support_credentials
2024-09-17 18:05:06,826 - WARNING - Unknown option passed to Flask-CORS: support_credentials
2024-09-17 18:05:06,826 - WARNING - Unknown option passed to Flask-CORS: support_credentials
2024-09-17 18:05:06,828 - WARNING - Unknown option passed to Flask-CORS: support_credentials
2024-09-17 18:05:06,828 - WARNING - Unknown option passed to Flask-CORS: support_credentials
2024-09-17 18:05:06,857 - WARNING - Unknown option passed to Flask-CORS: support_credentials
2024-09-17 18:05:06,859 - WARNING - Unknown option passed to Flask-CORS: support_credentials
2024-09-17 18:05:15,512 - WARNING - Unknown option passed to Flask-CORS: support_credentials
2024-09-17 18:05:15,513 - WARNING - Unknown option passed to Flask-CORS: support_credentials
2024-09-17 18:05:15,510 - WARNING - Unknown option passed to Flask-CORS: support_credentials
2024-09-17 18:05:15,524 - WARNING - Unknown option passed to Flask-CORS: support_credentials
2024-09-17 18:05:15,527 - WARNING - Unknown option passed to Flask-CORS: support_credentials
2024-09-17 18:05:15,527 - WARNING - Unknown option passed to Flask-CORS: support_credentials
2024-09-17 18:05:15,530 - WARNING - Unknown option passed to Flask-CORS: support_credentials
2024-09-17 18:05:15,533 - WARNING - Unknown option passed to Flask-CORS: support_credentials
2024-09-17 18:05:24,505 - WARNING - Unknown option passed to Flask-CORS: support_credentials
2024-09-17 18:05:24,508 - WARNING - Unknown option passed to Flask-CORS: support_credentials
2024-09-17 18:05:24,505 - WARNING - Unknown option passed to Flask-CORS: support_credentials
2024-09-17 18:05:24,507 - WARNING - Unknown option passed to Flask-CORS: support_credentials
2024-09-17 18:05:24,510 - WARNING - Unknown option passed to Flask-CORS: support_credentials
2024-09-17 18:05:24,510 - WARNING - Unknown option passed to Flask-CORS: support_credentials
2024-09-17 18:05:24,514 - WARNING - Unknown option passed to Flask-CORS: support_credentials
2024-09-17 18:05:24,517 - WARNING - Unknown option passed to Flask-CORS: support_credentials
2024-09-17 18:05:33,633 - WARNING - Unknown option passed to Flask-CORS: support_credentials
2024-09-17 18:05:33,633 - WARNING - Unknown option passed to Flask-CORS: support_credentials
2024-09-17 18:05:33,641 - WARNING - Unknown option passed to Flask-CORS: support_credentials
2024-09-17 18:05:33,642 - WARNING - Unknown option passed to Flask-CORS: support_credentials
2024-09-17 18:05:33,644 - WARNING - Unknown option passed to Flask-CORS: support_credentials
2024-09-17 18:05:33,645 - WARNING - Unknown option passed to Flask-CORS: support_credentials
2024-09-17 18:05:33,649 - WARNING - Unknown option passed to Flask-CORS: support_credentials
2024-09-17 18:05:33,650 - WARNING - Unknown option passed to Flask-CORS: support_credentials
2024-09-17 18:05:42,042 - WARNING - Unknown option passed to Flask-CORS: support_credentials
2024-09-17 18:05:42,047 - WARNING - Unknown option passed to Flask-CORS: support_credentials
2024-09-17 18:05:42,044 - WARNING - Unknown option passed to Flask-CORS: support_credentials
2024-09-17 18:05:42,049 - WARNING - Unknown option passed to Flask-CORS: support_credentials
2024-09-17 18:05:42,046 - WARNING - Unknown option passed to Flask-CORS: support_credentials
2024-09-17 18:05:42,051 - WARNING - Unknown option passed to Flask-CORS: support_credentials
2024-09-17 18:05:42,056 - WARNING - Unknown option passed to Flask-CORS: support_credentials
2024-09-17 18:05:42,059 - WARNING - Unknown option passed to Flask-CORS: support_credentials
2024-09-17 18:05:50,458 - WARNING - Unknown option passed to Flask-CORS: support_credentials
2024-09-17 18:05:50,463 - WARNING - Unknown option passed to Flask-CORS: support_credentials
2024-09-17 18:05:50,467 - WARNING - Unknown option passed to Flask-CORS: support_credentials
2024-09-17 18:05:50,471 - WARNING - Unknown option passed to Flask-CORS: support_credentials
2024-09-17 18:05:50,475 - WARNING - Unknown option passed to Flask-CORS: support_credentials
2024-09-17 18:05:50,475 - WARNING - Unknown option passed to Flask-CORS: support_credentials
2024-09-17 18:05:50,477 - WARNING - Unknown option passed to Flask-CORS: support_credentials
2024-09-17 18:05:50,477 - WARNING - Unknown option passed to Flask-CORS: support_credentials
2024-09-17 18:05:59,085 - WARNING - Unknown option passed to Flask-CORS: support_credentials
2024-09-17 18:05:59,091 - WARNING - Unknown option passed to Flask-CORS: support_credentials
2024-09-17 18:05:59,093 - WARNING - Unknown option passed to Flask-CORS: support_credentials
2024-09-17 18:05:59,093 - WARNING - Unknown option passed to Flask-CORS: support_credentials
2024-09-17 18:05:59,096 - WARNING - Unknown option passed to Flask-CORS: support_credentials
2024-09-17 18:05:59,096 - WARNING - Unknown option passed to Flask-CORS: support_credentials
2024-09-17 18:05:59,091 - WARNING - Unknown option passed to Flask-CORS: support_credentials
2024-09-17 18:05:59,097 - WARNING - Unknown option passed to Flask-CORS: support_credentials
2024-09-17 18:06:08,161 - WARNING - Unknown option passed to Flask-CORS: support_credentials
2024-09-17 18:06:08,161 - WARNING - Unknown option passed to Flask-CORS: support_credentials
2024-09-17 18:06:08,164 - WARNING - Unknown option passed to Flask-CORS: support_credentials
2024-09-17 18:06:08,165 - WARNING - Unknown option passed to Flask-CORS: support_credentials
2024-09-17 18:06:08,169 - WARNING - Unknown option passed to Flask-CORS: support_credentials
2024-09-17 18:06:08,169 - WARNING - Unknown option passed to Flask-CORS: support_credentials
2024-09-17 18:06:08,172 - WARNING - Unknown option passed to Flask-CORS: support_credentials
2024-09-17 18:06:08,173 - WARNING - Unknown option passed to Flask-CORS: support_credentials
2024-09-17 18:06:17,074 - WARNING - Unknown option passed to Flask-CORS: support_credentials
2024-09-17 18:06:17,074 - WARNING - Unknown option passed to Flask-CORS: support_credentials
2024-09-17 18:06:17,078 - WARNING - Unknown option passed to Flask-CORS: support_credentials
2024-09-17 18:06:17,080 - WARNING - Unknown option passed to Flask-CORS: support_credentials
2024-09-17 18:06:17,083 - WARNING - Unknown option passed to Flask-CORS: support_credentials
2024-09-17 18:06:17,083 - WARNING - Unknown option passed to Flask-CORS: support_credentials
2024-09-17 18:06:17,083 - WARNING - Unknown option passed to Flask-CORS: support_credentials
2024-09-17 18:06:17,084 - WARNING - Unknown option passed to Flask-CORS: support_credentials
2024-09-17 18:06:25,257 - WARNING - Unknown option passed to Flask-CORS: support_credentials
2024-09-17 18:06:25,266 - WARNING - Unknown option passed to Flask-CORS: support_credentials
2024-09-17 18:06:25,262 - WARNING - Unknown option passed to Flask-CORS: support_credentials
2024-09-17 18:06:25,263 - WARNING - Unknown option passed to Flask-CORS: support_credentials
2024-09-17 18:06:25,267 - WARNING - Unknown option passed to Flask-CORS: support_credentials
2024-09-17 18:06:25,265 - WARNING - Unknown option passed to Flask-CORS: support_credentials
2024-09-17 18:06:25,268 - WARNING - Unknown option passed to Flask-CORS: support_credentials
2024-09-17 18:06:25,267 - WARNING - Unknown option passed to Flask-CORS: support_credentials
2024-09-17 18:06:33,262 - WARNING - Unknown option passed to Flask-CORS: support_credentials
2024-09-17 18:06:33,274 - WARNING - Unknown option passed to Flask-CORS: support_credentials
2024-09-17 18:06:33,270 - WARNING - Unknown option passed to Flask-CORS: support_credentials
2024-09-17 18:06:33,275 - WARNING - Unknown option passed to Flask-CORS: support_credentials
2024-09-17 18:06:33,277 - WARNING - Unknown option passed to Flask-CORS: support_credentials
2024-09-17 18:06:33,277 - WARNING - Unknown option passed to Flask-CORS: support_credentials
2024-09-17 18:06:33,278 - WARNING - Unknown option passed to Flask-CORS: support_credentials
2024-09-17 18:06:33,280 - WARNING - Unknown option passed to Flask-CORS: support_credentials
2024-09-17 18:06:41,691 - WARNING - Unknown option passed to Flask-CORS: support_credentials
2024-09-17 18:06:41,695 - WARNING - Unknown option passed to Flask-CORS: support_credentials
2024-09-17 18:06:41,699 - WARNING - Unknown option passed to Flask-CORS: support_credentials
2024-09-17 18:06:41,693 - WARNING - Unknown option passed to Flask-CORS: support_credentials
2024-09-17 18:06:41,699 - WARNING - Unknown option passed to Flask-CORS: support_credentials
2024-09-17 18:06:41,706 - WARNING - Unknown option passed to Flask-CORS: support_credentials
2024-09-17 18:06:41,727 - WARNING - Unknown option passed to Flask-CORS: support_credentials
2024-09-17 18:06:41,727 - WARNING - Unknown option passed to Flask-CORS: support_credentials
2024-09-17 18:06:50,435 - WARNING - Unknown option passed to Flask-CORS: support_credentials
2024-09-17 18:06:50,438 - WARNING - Unknown option passed to Flask-CORS: support_credentials
2024-09-17 18:06:50,438 - WARNING - Unknown option passed to Flask-CORS: support_credentials
2024-09-17 18:06:50,442 - WARNING - Unknown option passed to Flask-CORS: support_credentials
2024-09-17 18:06:50,442 - WARNING - Unknown option passed to Flask-CORS: support_credentials
2024-09-17 18:06:50,446 - WARNING - Unknown option passed to Flask-CORS: support_credentials
2024-09-17 18:06:50,445 - WARNING - Unknown option passed to Flask-CORS: support_credentials
2024-09-17 18:06:50,448 - WARNING - Unknown option passed to Flask-CORS: support_credentials
2024-09-17 18:06:58,374 - WARNING - Unknown option passed to Flask-CORS: support_credentials
2024-09-17 18:06:58,382 - WARNING - Unknown option passed to Flask-CORS: support_credentials
2024-09-17 18:06:58,379 - WARNING - Unknown option passed to Flask-CORS: support_credentials
2024-09-17 18:06:58,383 - WARNING - Unknown option passed to Flask-CORS: support_credentials
2024-09-17 18:06:58,381 - WARNING - Unknown option passed to Flask-CORS: support_credentials
2024-09-17 18:06:58,379 - WARNING - Unknown option passed to Flask-CORS: support_credentials
2024-09-17 18:06:58,385 - WARNING - Unknown option passed to Flask-CORS: support_credentials
2024-09-17 18:06:58,386 - WARNING - Unknown option passed to Flask-CORS: support_credentials
2024-09-17 18:07:07,429 - WARNING - Unknown option passed to Flask-CORS: support_credentials
2024-09-17 18:07:07,430 - WARNING - Unknown option passed to Flask-CORS: support_credentials
2024-09-17 18:07:07,438 - WARNING - Unknown option passed to Flask-CORS: support_credentials
2024-09-17 18:07:07,439 - WARNING - Unknown option passed to Flask-CORS: support_credentials
2024-09-17 18:07:07,438 - WARNING - Unknown option passed to Flask-CORS: support_credentials
2024-09-17 18:07:07,440 - WARNING - Unknown option passed to Flask-CORS: support_credentials
2024-09-17 18:07:07,440 - WARNING - Unknown option passed to Flask-CORS: support_credentials
2024-09-17 18:07:07,442 - WARNING - Unknown option passed to Flask-CORS: support_credentials
2024-09-17 18:07:16,311 - WARNING - Unknown option passed to Flask-CORS: support_credentials
2024-09-17 18:07:16,311 - WARNING - Unknown option passed to Flask-CORS: support_credentials
2024-09-17 18:07:16,325 - WARNING - Unknown option passed to Flask-CORS: support_credentials
2024-09-17 18:07:16,325 - WARNING - Unknown option passed to Flask-CORS: support_credentials
2024-09-17 18:07:16,329 - WARNING - Unknown option passed to Flask-CORS: support_credentials
2024-09-17 18:07:16,329 - WARNING - Unknown option passed to Flask-CORS: support_credentials
2024-09-17 18:07:16,360 - WARNING - Unknown option passed to Flask-CORS: support_credentials
2024-09-17 18:07:16,360 - WARNING - Unknown option passed to Flask-CORS: support_credentials
2024-09-17 18:07:25,145 - WARNING - Unknown option passed to Flask-CORS: support_credentials
2024-09-17 18:07:25,168 - WARNING - Unknown option passed to Flask-CORS: support_credentials
2024-09-17 18:07:25,150 - WARNING - Unknown option passed to Flask-CORS: support_credentials
2024-09-17 18:07:25,154 - WARNING - Unknown option passed to Flask-CORS: support_credentials
2024-09-17 18:07:25,169 - WARNING - Unknown option passed to Flask-CORS: support_credentials
2024-09-17 18:07:25,164 - WARNING - Unknown option passed to Flask-CORS: support_credentials
2024-09-17 18:07:25,172 - WARNING - Unknown option passed to Flask-CORS: support_credentials
2024-09-17 18:07:25,176 - WARNING - Unknown option passed to Flask-CORS: support_credentials
2024-09-17 18:07:33,710 - WARNING - Unknown option passed to Flask-CORS: support_credentials
2024-09-17 18:07:33,722 - WARNING - Unknown option passed to Flask-CORS: support_credentials
2024-09-17 18:07:33,716 - WARNING - Unknown option passed to Flask-CORS: support_credentials
2024-09-17 18:07:33,723 - WARNING - Unknown option passed to Flask-CORS: support_credentials
2024-09-17 18:07:33,721 - WARNING - Unknown option passed to Flask-CORS: support_credentials
2024-09-17 18:07:33,723 - WARNING - Unknown option passed to Flask-CORS: support_credentials
2024-09-17 18:07:33,720 - WARNING - Unknown option passed to Flask-CORS: support_credentials
2024-09-17 18:07:33,725 - WARNING - Unknown option passed to Flask-CORS: support_credentials
2024-09-17 18:07:42,298 - WARNING - Unknown option passed to Flask-CORS: support_credentials
2024-09-17 18:07:42,302 - WARNING - Unknown option passed to Flask-CORS: support_credentials
2024-09-17 18:07:42,312 - WARNING - Unknown option passed to Flask-CORS: support_credentials
2024-09-17 18:07:42,304 - WARNING - Unknown option passed to Flask-CORS: support_credentials
2024-09-17 18:07:42,313 - WARNING - Unknown option passed to Flask-CORS: support_credentials
2024-09-17 18:07:42,312 - WARNING - Unknown option passed to Flask-CORS: support_credentials
2024-09-17 18:07:42,317 - WARNING - Unknown option passed to Flask-CORS: support_credentials
2024-09-17 18:07:42,323 - WARNING - Unknown option passed to Flask-CORS: support_credentials
2024-09-17 18:07:51,086 - WARNING - Unknown option passed to Flask-CORS: support_credentials
2024-09-17 18:07:51,099 - WARNING - Unknown option passed to Flask-CORS: support_credentials
2024-09-17 18:07:51,096 - WARNING - Unknown option passed to Flask-CORS: support_credentials
2024-09-17 18:07:51,100 - WARNING - Unknown option passed to Flask-CORS: support_credentials
2024-09-17 18:07:51,096 - WARNING - Unknown option passed to Flask-CORS: support_credentials
2024-09-17 18:07:51,102 - WARNING - Unknown option passed to Flask-CORS: support_credentials
2024-09-17 18:07:51,130 - WARNING - Unknown option passed to Flask-CORS: support_credentials
2024-09-17 18:07:51,130 - WARNING - Unknown option passed to Flask-CORS: support_credentials
2024-09-17 18:07:59,510 - WARNING - Unknown option passed to Flask-CORS: support_credentials
2024-09-17 18:07:59,511 - WARNING - Unknown option passed to Flask-CORS: support_credentials
2024-09-17 18:07:59,514 - WARNING - Unknown option passed to Flask-CORS: support_credentials
2024-09-17 18:07:59,514 - WARNING - Unknown option passed to Flask-CORS: support_credentials
2024-09-17 18:07:59,522 - WARNING - Unknown option passed to Flask-CORS: support_credentials
2024-09-17 18:07:59,522 - WARNING - Unknown option passed to Flask-CORS: support_credentials
2024-09-17 18:07:59,529 - WARNING - Unknown option passed to Flask-CORS: support_credentials
2024-09-17 18:07:59,530 - WARNING - Unknown option passed to Flask-CORS: support_credentials
2024-09-17 18:08:08,346 - WARNING - Unknown option passed to Flask-CORS: support_credentials
2024-09-17 18:08:08,362 - WARNING - Unknown option passed to Flask-CORS: support_credentials
2024-09-17 18:08:08,354 - WARNING - Unknown option passed to Flask-CORS: support_credentials
2024-09-17 18:08:08,363 - WARNING - Unknown option passed to Flask-CORS: support_credentials
2024-09-17 18:08:08,361 - WARNING - Unknown option passed to Flask-CORS: support_credentials
2024-09-17 18:08:08,364 - WARNING - Unknown option passed to Flask-CORS: support_credentials
2024-09-17 18:08:08,360 - WARNING - Unknown option passed to Flask-CORS: support_credentials
2024-09-17 18:08:08,366 - WARNING - Unknown option passed to Flask-CORS: support_credentials
2024-09-17 18:08:17,439 - WARNING - Unknown option passed to Flask-CORS: support_credentials
2024-09-17 18:08:17,441 - WARNING - Unknown option passed to Flask-CORS: support_credentials
2024-09-17 18:08:17,462 - WARNING - Unknown option passed to Flask-CORS: support_credentials
2024-09-17 18:08:17,449 - WARNING - Unknown option passed to Flask-CORS: support_credentials
2024-09-17 18:08:17,463 - WARNING - Unknown option passed to Flask-CORS: support_credentials
2024-09-17 18:08:17,464 - WARNING - Unknown option passed to Flask-CORS: support_credentials
2024-09-17 18:08:17,460 - WARNING - Unknown option passed to Flask-CORS: support_credentials
2024-09-17 18:08:17,465 - WARNING - Unknown option passed to Flask-CORS: support_credentials
2024-09-17 18:08:26,154 - WARNING - Unknown option passed to Flask-CORS: support_credentials
2024-09-17 18:08:26,168 - WARNING - Unknown option passed to Flask-CORS: support_credentials
2024-09-17 18:08:26,176 - WARNING - Unknown option passed to Flask-CORS: support_credentials
2024-09-17 18:08:26,164 - WARNING - Unknown option passed to Flask-CORS: support_credentials
2024-09-17 18:08:26,176 - WARNING - Unknown option passed to Flask-CORS: support_credentials
2024-09-17 18:08:26,176 - WARNING - Unknown option passed to Flask-CORS: support_credentials
2024-09-17 18:08:26,183 - WARNING - Unknown option passed to Flask-CORS: support_credentials
2024-09-17 18:08:26,183 - WARNING - Unknown option passed to Flask-CORS: support_credentials
2024-09-17 18:08:34,753 - WARNING - Unknown option passed to Flask-CORS: support_credentials
2024-09-17 18:08:34,753 - WARNING - Unknown option passed to Flask-CORS: support_credentials
2024-09-17 18:08:34,761 - WARNING - Unknown option passed to Flask-CORS: support_credentials
2024-09-17 18:08:34,762 - WARNING - Unknown option passed to Flask-CORS: support_credentials
2024-09-17 18:08:34,781 - WARNING - Unknown option passed to Flask-CORS: support_credentials
2024-09-17 18:08:34,782 - WARNING - Unknown option passed to Flask-CORS: support_credentials
2024-09-17 18:08:34,768 - WARNING - Unknown option passed to Flask-CORS: support_credentials
2024-09-17 18:08:34,792 - WARNING - Unknown option passed to Flask-CORS: support_credentials
2024-09-17 18:08:42,539 - WARNING - Unknown option passed to Flask-CORS: support_credentials
2024-09-17 18:08:42,546 - WARNING - Unknown option passed to Flask-CORS: support_credentials
2024-09-17 18:08:42,544 - WARNING - Unknown option passed to Flask-CORS: support_credentials
2024-09-17 18:08:42,552 - WARNING - Unknown option passed to Flask-CORS: support_credentials
2024-09-17 18:08:42,553 - WARNING - Unknown option passed to Flask-CORS: support_credentials
2024-09-17 18:08:42,556 - WARNING - Unknown option passed to Flask-CORS: support_credentials
2024-09-17 18:08:42,554 - WARNING - Unknown option passed to Flask-CORS: support_credentials
2024-09-17 18:08:42,558 - WARNING - Unknown option passed to Flask-CORS: support_credentials
2024-09-17 18:08:51,675 - WARNING - Unknown option passed to Flask-CORS: support_credentials
2024-09-17 18:08:51,678 - WARNING - Unknown option passed to Flask-CORS: support_credentials
2024-09-17 18:08:51,682 - WARNING - Unknown option passed to Flask-CORS: support_credentials
2024-09-17 18:08:51,683 - WARNING - Unknown option passed to Flask-CORS: support_credentials
2024-09-17 18:08:51,683 - WARNING - Unknown option passed to Flask-CORS: support_credentials
2024-09-17 18:08:51,685 - WARNING - Unknown option passed to Flask-CORS: support_credentials
2024-09-17 18:08:51,684 - WARNING - Unknown option passed to Flask-CORS: support_credentials
2024-09-17 18:08:51,689 - WARNING - Unknown option passed to Flask-CORS: support_credentials
2024-09-17 18:09:00,554 - WARNING - Unknown option passed to Flask-CORS: support_credentials
2024-09-17 18:09:00,569 - WARNING - Unknown option passed to Flask-CORS: support_credentials
2024-09-17 18:09:00,556 - WARNING - Unknown option passed to Flask-CORS: support_credentials
2024-09-17 18:09:00,570 - WARNING - Unknown option passed to Flask-CORS: support_credentials
2024-09-17 18:09:00,566 - WARNING - Unknown option passed to Flask-CORS: support_credentials
2024-09-17 18:09:00,574 - WARNING - Unknown option passed to Flask-CORS: support_credentials
2024-09-17 18:09:00,576 - WARNING - Unknown option passed to Flask-CORS: support_credentials
2024-09-17 18:09:00,576 - WARNING - Unknown option passed to Flask-CORS: support_credentials
2024-09-17 18:09:10,077 - WARNING - Unknown option passed to Flask-CORS: support_credentials
2024-09-17 18:09:10,089 - WARNING - Unknown option passed to Flask-CORS: support_credentials
2024-09-17 18:09:10,081 - WARNING - Unknown option passed to Flask-CORS: support_credentials
2024-09-17 18:09:10,090 - WARNING - Unknown option passed to Flask-CORS: support_credentials
2024-09-17 18:09:10,089 - WARNING - Unknown option passed to Flask-CORS: support_credentials
2024-09-17 18:09:10,091 - WARNING - Unknown option passed to Flask-CORS: support_credentials
2024-09-17 18:09:10,092 - WARNING - Unknown option passed to Flask-CORS: support_credentials
2024-09-17 18:09:10,093 - WARNING - Unknown option passed to Flask-CORS: support_credentials
2024-09-17 18:09:18,402 - WARNING - Unknown option passed to Flask-CORS: support_credentials
2024-09-17 18:09:18,403 - WARNING - Unknown option passed to Flask-CORS: support_credentials
2024-09-17 18:09:18,405 - WARNING - Unknown option passed to Flask-CORS: support_credentials
2024-09-17 18:09:18,405 - WARNING - Unknown option passed to Flask-CORS: support_credentials
2024-09-17 18:09:18,405 - WARNING - Unknown option passed to Flask-CORS: support_credentials
2024-09-17 18:09:18,409 - WARNING - Unknown option passed to Flask-CORS: support_credentials
2024-09-17 18:09:18,417 - WARNING - Unknown option passed to Flask-CORS: support_credentials
2024-09-17 18:09:18,418 - WARNING - Unknown option passed to Flask-CORS: support_credentials
2024-09-17 18:09:27,276 - WARNING - Unknown option passed to Flask-CORS: support_credentials
2024-09-17 18:09:27,283 - WARNING - Unknown option passed to Flask-CORS: support_credentials
2024-09-17 18:09:27,287 - WARNING - Unknown option passed to Flask-CORS: support_credentials
2024-09-17 18:09:27,287 - WARNING - Unknown option passed to Flask-CORS: support_credentials
2024-09-17 18:09:27,278 - WARNING - Unknown option passed to Flask-CORS: support_credentials
2024-09-17 18:09:27,291 - WARNING - Unknown option passed to Flask-CORS: support_credentials
2024-09-17 18:09:27,282 - WARNING - Unknown option passed to Flask-CORS: support_credentials
2024-09-17 18:09:27,291 - WARNING - Unknown option passed to Flask-CORS: support_credentials
2024-09-17 18:09:35,562 - WARNING - Unknown option passed to Flask-CORS: support_credentials
2024-09-17 18:09:35,568 - WARNING - Unknown option passed to Flask-CORS: support_credentials
2024-09-17 18:09:35,578 - WARNING - Unknown option passed to Flask-CORS: support_credentials
2024-09-17 18:09:35,570 - WARNING - Unknown option passed to Flask-CORS: support_credentials
2024-09-17 18:09:35,581 - WARNING - Unknown option passed to Flask-CORS: support_credentials
2024-09-17 18:09:35,583 - WARNING - Unknown option passed to Flask-CORS: support_credentials
2024-09-17 18:09:35,576 - WARNING - Unknown option passed to Flask-CORS: support_credentials
2024-09-17 18:09:35,586 - WARNING - Unknown option passed to Flask-CORS: support_credentials
2024-09-17 18:09:43,800 - WARNING - Unknown option passed to Flask-CORS: support_credentials
2024-09-17 18:09:43,808 - WARNING - Unknown option passed to Flask-CORS: support_credentials
2024-09-17 18:09:43,802 - WARNING - Unknown option passed to Flask-CORS: support_credentials
2024-09-17 18:09:43,810 - WARNING - Unknown option passed to Flask-CORS: support_credentials
2024-09-17 18:09:43,808 - WARNING - Unknown option passed to Flask-CORS: support_credentials
2024-09-17 18:09:43,813 - WARNING - Unknown option passed to Flask-CORS: support_credentials
2024-09-17 18:09:43,838 - WARNING - Unknown option passed to Flask-CORS: support_credentials
2024-09-17 18:09:43,838 - WARNING - Unknown option passed to Flask-CORS: support_credentials
2024-09-17 18:09:51,798 - WARNING - Unknown option passed to Flask-CORS: support_credentials
2024-09-17 18:09:51,798 - WARNING - Unknown option passed to Flask-CORS: support_credentials
2024-09-17 18:09:51,805 - WARNING - Unknown option passed to Flask-CORS: support_credentials
2024-09-17 18:09:51,805 - WARNING - Unknown option passed to Flask-CORS: support_credentials
2024-09-17 18:09:51,794 - WARNING - Unknown option passed to Flask-CORS: support_credentials
2024-09-17 18:09:51,805 - WARNING - Unknown option passed to Flask-CORS: support_credentials
2024-09-17 18:09:51,804 - WARNING - Unknown option passed to Flask-CORS: support_credentials
2024-09-17 18:09:51,810 - WARNING - Unknown option passed to Flask-CORS: support_credentials
2024-09-17 18:09:59,977 - WARNING - Unknown option passed to Flask-CORS: support_credentials
2024-09-17 18:09:59,979 - WARNING - Unknown option passed to Flask-CORS: support_credentials
2024-09-17 18:09:59,971 - WARNING - Unknown option passed to Flask-CORS: support_credentials
2024-09-17 18:09:59,982 - WARNING - Unknown option passed to Flask-CORS: support_credentials
2024-09-17 18:09:59,987 - WARNING - Unknown option passed to Flask-CORS: support_credentials
2024-09-17 18:09:59,987 - WARNING - Unknown option passed to Flask-CORS: support_credentials
2024-09-17 18:09:59,979 - WARNING - Unknown option passed to Flask-CORS: support_credentials
2024-09-17 18:09:59,989 - WARNING - Unknown option passed to Flask-CORS: support_credentials
2024-09-17 18:10:09,133 - WARNING - Unknown option passed to Flask-CORS: support_credentials
2024-09-17 18:10:09,133 - WARNING - Unknown option passed to Flask-CORS: support_credentials
2024-09-17 18:10:09,145 - WARNING - Unknown option passed to Flask-CORS: support_credentials
2024-09-17 18:10:09,145 - WARNING - Unknown option passed to Flask-CORS: support_credentials
2024-09-17 18:10:09,152 - WARNING - Unknown option passed to Flask-CORS: support_credentials
2024-09-17 18:10:09,156 - WARNING - Unknown option passed to Flask-CORS: support_credentials
2024-09-17 18:10:09,128 - WARNING - Unknown option passed to Flask-CORS: support_credentials
2024-09-17 18:10:09,158 - WARNING - Unknown option passed to Flask-CORS: support_credentials
2024-09-17 18:10:17,849 - WARNING - Unknown option passed to Flask-CORS: support_credentials
2024-09-17 18:10:17,856 - WARNING - Unknown option passed to Flask-CORS: support_credentials
2024-09-17 18:10:17,845 - WARNING - Unknown option passed to Flask-CORS: support_credentials
2024-09-17 18:10:17,857 - WARNING - Unknown option passed to Flask-CORS: support_credentials
2024-09-17 18:10:17,853 - WARNING - Unknown option passed to Flask-CORS: support_credentials
2024-09-17 18:10:17,858 - WARNING - Unknown option passed to Flask-CORS: support_credentials
2024-09-17 18:10:17,854 - WARNING - Unknown option passed to Flask-CORS: support_credentials
2024-09-17 18:10:17,860 - WARNING - Unknown option passed to Flask-CORS: support_credentials
2024-09-17 18:10:26,063 - WARNING - Unknown option passed to Flask-CORS: support_credentials
2024-09-17 18:10:26,067 - WARNING - Unknown option passed to Flask-CORS: support_credentials
2024-09-17 18:10:26,067 - WARNING - Unknown option passed to Flask-CORS: support_credentials
2024-09-17 18:10:26,071 - WARNING - Unknown option passed to Flask-CORS: support_credentials
2024-09-17 18:10:26,063 - WARNING - Unknown option passed to Flask-CORS: support_credentials
2024-09-17 18:10:26,078 - WARNING - Unknown option passed to Flask-CORS: support_credentials
2024-09-17 18:10:26,100 - WARNING - Unknown option passed to Flask-CORS: support_credentials
2024-09-17 18:10:26,101 - WARNING - Unknown option passed to Flask-CORS: support_credentials
2024-09-17 18:10:35,646 - WARNING - Unknown option passed to Flask-CORS: support_credentials
2024-09-17 18:10:35,648 - WARNING - Unknown option passed to Flask-CORS: support_credentials
2024-09-17 18:10:35,652 - WARNING - Unknown option passed to Flask-CORS: support_credentials
2024-09-17 18:10:35,660 - WARNING - Unknown option passed to Flask-CORS: support_credentials
2024-09-17 18:10:35,653 - WARNING - Unknown option passed to Flask-CORS: support_credentials
2024-09-17 18:10:35,663 - WARNING - Unknown option passed to Flask-CORS: support_credentials
2024-09-17 18:10:35,667 - WARNING - Unknown option passed to Flask-CORS: support_credentials
2024-09-17 18:10:35,670 - WARNING - Unknown option passed to Flask-CORS: support_credentials
2024-09-17 18:10:44,266 - WARNING - Unknown option passed to Flask-CORS: support_credentials
2024-09-17 18:10:44,279 - WARNING - Unknown option passed to Flask-CORS: support_credentials
2024-09-17 18:10:44,268 - WARNING - Unknown option passed to Flask-CORS: support_credentials
2024-09-17 18:10:44,281 - WARNING - Unknown option passed to Flask-CORS: support_credentials
2024-09-17 18:10:44,269 - WARNING - Unknown option passed to Flask-CORS: support_credentials
2024-09-17 18:10:44,282 - WARNING - Unknown option passed to Flask-CORS: support_credentials
2024-09-17 18:10:44,279 - WARNING - Unknown option passed to Flask-CORS: support_credentials
2024-09-17 18:10:44,284 - WARNING - Unknown option passed to Flask-CORS: support_credentials
2024-09-17 18:17:39,369 - WARNING - Unknown option passed to Flask-CORS: support_credentials
2024-09-17 18:17:39,374 - WARNING - Unknown option passed to Flask-CORS: support_credentials
2024-09-17 18:17:39,414 - WARNING - Unknown option passed to Flask-CORS: support_credentials
2024-09-17 18:17:39,413 - WARNING - Unknown option passed to Flask-CORS: support_credentials
2024-09-17 18:17:39,416 - WARNING - Unknown option passed to Flask-CORS: support_credentials
2024-09-17 18:17:39,416 - WARNING - Unknown option passed to Flask-CORS: support_credentials
2024-09-17 18:17:39,422 - WARNING - Unknown option passed to Flask-CORS: support_credentials
2024-09-17 18:17:39,424 - WARNING - Unknown option passed to Flask-CORS: support_credentials
2024-09-17 18:18:25,124 - WARNING - Unknown option passed to Flask-CORS: support_credentials
2024-09-17 18:18:25,127 - WARNING - Unknown option passed to Flask-CORS: support_credentials
2024-09-17 18:18:25,153 - WARNING - Unknown option passed to Flask-CORS: support_credentials
2024-09-17 18:18:25,155 - WARNING - Unknown option passed to Flask-CORS: support_credentials
2024-09-17 18:18:25,210 - WARNING - Unknown option passed to Flask-CORS: support_credentials
2024-09-17 18:18:25,210 - WARNING - Unknown option passed to Flask-CORS: support_credentials
2024-09-17 18:18:25,212 - WARNING - Unknown option passed to Flask-CORS: support_credentials
2024-09-17 18:18:25,213 - WARNING - Unknown option passed to Flask-CORS: support_credentials
2024-09-17 18:22:37,495 - WARNING - Unknown option passed to Flask-CORS: support_credentials
2024-09-17 18:22:37,499 - WARNING - Unknown option passed to Flask-CORS: support_credentials
2024-09-17 18:22:37,496 - WARNING - Unknown option passed to Flask-CORS: support_credentials
2024-09-17 18:22:37,499 - WARNING - Unknown option passed to Flask-CORS: support_credentials
2024-09-17 18:22:37,556 - WARNING - Unknown option passed to Flask-CORS: support_credentials
2024-09-17 18:22:37,559 - WARNING - Unknown option passed to Flask-CORS: support_credentials
2024-09-17 18:22:37,591 - WARNING - Unknown option passed to Flask-CORS: support_credentials
2024-09-17 18:22:37,593 - WARNING - Unknown option passed to Flask-CORS: support_credentials
2024-09-17 18:28:54,600 - WARNING - Unknown option passed to Flask-CORS: support_credentials
2024-09-17 18:28:54,603 - WARNING - Unknown option passed to Flask-CORS: support_credentials
2024-09-17 18:28:54,652 - WARNING - Unknown option passed to Flask-CORS: support_credentials
2024-09-17 18:28:54,654 - WARNING - Unknown option passed to Flask-CORS: support_credentials
2024-09-17 18:28:54,664 - WARNING - Unknown option passed to Flask-CORS: support_credentials
2024-09-17 18:28:54,668 - WARNING - Unknown option passed to Flask-CORS: support_credentials
2024-09-17 18:28:54,675 - WARNING - Unknown option passed to Flask-CORS: support_credentials
2024-09-17 18:28:54,677 - WARNING - Unknown option passed to Flask-CORS: support_credentials
2024-09-17 19:19:37,707 - WARNING - Unknown option passed to Flask-CORS: support_credentials
2024-09-17 19:19:37,710 - WARNING - Unknown option passed to Flask-CORS: support_credentials
2024-09-17 19:19:37,712 - WARNING - Unknown option passed to Flask-CORS: support_credentials
2024-09-17 19:19:37,715 - WARNING - Unknown option passed to Flask-CORS: support_credentials
2024-09-17 19:19:37,720 - WARNING - Unknown option passed to Flask-CORS: support_credentials
2024-09-17 19:19:37,723 - WARNING - Unknown option passed to Flask-CORS: support_credentials
2024-09-17 19:19:37,722 - WARNING - Unknown option passed to Flask-CORS: support_credentials
2024-09-17 19:19:37,725 - WARNING - Unknown option passed to Flask-CORS: support_credentials
2024-09-17 21:17:55,191 - WARNING - Unknown option passed to Flask-CORS: support_credentials
2024-09-17 21:17:55,192 - WARNING - Unknown option passed to Flask-CORS: support_credentials
2024-09-18 20:11:58,419 - WARNING - Unknown option passed to Flask-CORS: support_credentials
2024-09-18 20:11:58,420 - WARNING - Unknown option passed to Flask-CORS: support_credentials
2024-09-18 23:43:22,194 - WARNING - Unknown option passed to Flask-CORS: support_credentials
2024-09-18 23:43:22,196 - WARNING - Unknown option passed to Flask-CORS: support_credentials
2024-09-19 21:14:15,128 - WARNING - Unknown option passed to Flask-CORS: support_credentials
2024-09-19 21:14:15,129 - WARNING - Unknown option passed to Flask-CORS: support_credentials
2024-09-21 04:25:44,302 - WARNING - Unknown option passed to Flask-CORS: support_credentials
2024-09-21 04:25:44,303 - WARNING - Unknown option passed to Flask-CORS: support_credentials
2024-09-21 08:53:35,896 - WARNING - Unknown option passed to Flask-CORS: support_credentials
2024-09-21 08:53:35,897 - WARNING - Unknown option passed to Flask-CORS: support_credentials
2024-09-21 11:58:17,684 - WARNING - Unknown option passed to Flask-CORS: support_credentials
2024-09-21 11:58:17,688 - WARNING - Unknown option passed to Flask-CORS: support_credentials
2024-09-22 16:17:00,673 - WARNING - Unknown option passed to Flask-CORS: support_credentials
2024-09-22 16:17:00,674 - WARNING - Unknown option passed to Flask-CORS: support_credentials
2024-09-22 23:37:13,520 - WARNING - Unknown option passed to Flask-CORS: support_credentials
2024-09-22 23:37:13,524 - WARNING - Unknown option passed to Flask-CORS: support_credentials
2024-09-26 18:33:37,460 - WARNING - Unknown option passed to Flask-CORS: support_credentials
2024-09-26 18:33:37,470 - WARNING - Unknown option passed to Flask-CORS: support_credentials
2024-09-26 18:33:37,474 - INFO - [31m[1mWARNING: This is a development server. Do not use it in a production deployment. Use a production WSGI server instead.[0m
 * Running on all addresses (0.0.0.0)
 * Running on http://127.0.0.1:8000
 * Running on http://10.0.0.131:8000
2024-09-26 18:33:37,475 - INFO - [33mPress CTRL+C to quit[0m
2024-09-26 18:42:43,558 - WARNING - Unknown option passed to Flask-CORS: support_credentials
2024-09-26 18:42:43,569 - WARNING - Unknown option passed to Flask-CORS: support_credentials
2024-09-26 18:42:43,574 - INFO - [31m[1mWARNING: This is a development server. Do not use it in a production deployment. Use a production WSGI server instead.[0m
 * Running on all addresses (0.0.0.0)
 * Running on http://127.0.0.1:8000
 * Running on http://10.0.0.131:8000
2024-09-26 18:42:43,574 - INFO - [33mPress CTRL+C to quit[0m
2024-09-26 18:43:16,335 - WARNING - Unknown option passed to Flask-CORS: support_credentials
2024-09-26 18:43:16,347 - WARNING - Unknown option passed to Flask-CORS: support_credentials
2024-09-26 18:43:16,353 - INFO - [31m[1mWARNING: This is a development server. Do not use it in a production deployment. Use a production WSGI server instead.[0m
 * Running on all addresses (0.0.0.0)
 * Running on http://127.0.0.1:8000
 * Running on http://10.0.0.131:8000
2024-09-26 18:43:16,353 - INFO - [33mPress CTRL+C to quit[0m
2024-09-26 18:43:45,243 - INFO - 127.0.0.1 - - [26/Sep/2024 18:43:45] "POST /ShinolQRGenerator HTTP/1.1" 200 -
2024-09-26 18:44:42,825 - INFO - 127.0.0.1 - - [26/Sep/2024 18:44:42] "POST /ShinolQRGenerator HTTP/1.1" 200 -
2024-09-26 22:54:47,872 - WARNING - Unknown option passed to Flask-CORS: support_credentials
2024-09-26 22:54:47,873 - WARNING - Unknown option passed to Flask-CORS: support_credentials
2024-09-26 22:54:47,901 - INFO - [31m[1mWARNING: This is a development server. Do not use it in a production deployment. Use a production WSGI server instead.[0m
 * Running on all addresses (0.0.0.0)
 * Running on http://127.0.0.1:8000
 * Running on http://216.155.157.204:8000
2024-09-26 22:54:47,901 - INFO - [33mPress CTRL+C to quit[0m
2024-09-26 23:01:48,188 - WARNING - Unknown option passed to Flask-CORS: support_credentials
2024-09-26 23:01:48,189 - WARNING - Unknown option passed to Flask-CORS: support_credentials
2024-09-26 23:01:48,193 - WARNING - Unknown option passed to Flask-CORS: support_credentials
2024-09-26 23:01:48,196 - WARNING - Unknown option passed to Flask-CORS: support_credentials
2024-09-26 23:01:48,291 - WARNING - Unknown option passed to Flask-CORS: support_credentials
2024-09-26 23:01:48,294 - WARNING - Unknown option passed to Flask-CORS: support_credentials
2024-09-26 23:01:48,314 - WARNING - Unknown option passed to Flask-CORS: support_credentials
2024-09-26 23:01:48,315 - WARNING - Unknown option passed to Flask-CORS: support_credentials
2024-09-26 23:37:56,172 - WARNING - Unknown option passed to Flask-CORS: support_credentials
2024-09-26 23:37:56,173 - WARNING - Unknown option passed to Flask-CORS: support_credentials
2024-09-27 12:43:09,021 - WARNING - Unknown option passed to Flask-CORS: support_credentials
2024-09-27 12:43:09,021 - WARNING - Unknown option passed to Flask-CORS: support_credentials
2024-09-27 12:43:39,839 - WARNING - Unknown option passed to Flask-CORS: support_credentials
2024-09-27 12:43:39,839 - WARNING - Unknown option passed to Flask-CORS: support_credentials
2024-09-27 12:51:40,957 - WARNING - Unknown option passed to Flask-CORS: support_credentials
2024-09-27 12:51:40,957 - WARNING - Unknown option passed to Flask-CORS: support_credentials
2024-09-27 12:52:12,099 - WARNING - Unknown option passed to Flask-CORS: support_credentials
2024-09-27 12:52:12,100 - WARNING - Unknown option passed to Flask-CORS: support_credentials
2024-09-27 15:48:40,823 - WARNING - Unknown option passed to Flask-CORS: support_credentials
2024-09-27 15:48:40,823 - WARNING - Unknown option passed to Flask-CORS: support_credentials
2024-09-27 15:49:11,622 - WARNING - Unknown option passed to Flask-CORS: support_credentials
2024-09-27 15:49:11,622 - WARNING - Unknown option passed to Flask-CORS: support_credentials
2024-09-27 20:11:18,567 - WARNING - Unknown option passed to Flask-CORS: support_credentials
2024-09-27 20:11:18,568 - WARNING - Unknown option passed to Flask-CORS: support_credentials
2024-09-27 20:13:48,058 - WARNING - Unknown option passed to Flask-CORS: support_credentials
2024-09-27 20:13:48,058 - WARNING - Unknown option passed to Flask-CORS: support_credentials
2024-09-28 13:05:03,538 - WARNING - Unknown option passed to Flask-CORS: support_credentials
2024-09-28 13:05:03,539 - WARNING - Unknown option passed to Flask-CORS: support_credentials
2024-09-28 13:16:29,117 - WARNING - Unknown option passed to Flask-CORS: support_credentials
2024-09-28 13:16:29,118 - WARNING - Unknown option passed to Flask-CORS: support_credentials
2024-09-29 22:23:38,816 - WARNING - Unknown option passed to Flask-CORS: support_credentials
2024-09-29 22:23:38,817 - WARNING - Unknown option passed to Flask-CORS: support_credentials
2024-09-30 10:16:12,938 - WARNING - Unknown option passed to Flask-CORS: support_credentials
2024-09-30 10:16:12,939 - WARNING - Unknown option passed to Flask-CORS: support_credentials
2024-10-01 10:59:00,267 - WARNING - Unknown option passed to Flask-CORS: support_credentials
2024-10-01 10:59:00,268 - WARNING - Unknown option passed to Flask-CORS: support_credentials
2024-10-05 02:30:16,456 - WARNING - Unknown option passed to Flask-CORS: support_credentials
2024-10-05 02:30:16,457 - WARNING - Unknown option passed to Flask-CORS: support_credentials
2024-10-05 09:21:01,084 - WARNING - Unknown option passed to Flask-CORS: support_credentials
2024-10-05 09:21:01,085 - WARNING - Unknown option passed to Flask-CORS: support_credentials
2024-10-06 23:37:01,601 - WARNING - Unknown option passed to Flask-CORS: support_credentials
2024-10-06 23:37:01,601 - WARNING - Unknown option passed to Flask-CORS: support_credentials
2024-10-09 23:37:36,889 - WARNING - Unknown option passed to Flask-CORS: support_credentials
2024-10-09 23:37:36,889 - WARNING - Unknown option passed to Flask-CORS: support_credentials
2024-10-10 01:07:18,239 - WARNING - Unknown option passed to Flask-CORS: support_credentials
2024-10-10 01:07:18,239 - WARNING - Unknown option passed to Flask-CORS: support_credentials
2024-10-10 20:00:13,700 - WARNING - Unknown option passed to Flask-CORS: support_credentials
2024-10-10 20:00:13,701 - WARNING - Unknown option passed to Flask-CORS: support_credentials
2024-10-12 23:38:15,927 - WARNING - Unknown option passed to Flask-CORS: support_credentials
2024-10-12 23:38:15,928 - WARNING - Unknown option passed to Flask-CORS: support_credentials
2024-10-14 01:33:37,554 - WARNING - Unknown option passed to Flask-CORS: support_credentials
2024-10-14 01:33:37,554 - WARNING - Unknown option passed to Flask-CORS: support_credentials
2024-10-14 01:34:08,448 - WARNING - Unknown option passed to Flask-CORS: support_credentials
2024-10-14 01:34:08,449 - WARNING - Unknown option passed to Flask-CORS: support_credentials
2024-10-14 01:36:42,623 - WARNING - Unknown option passed to Flask-CORS: support_credentials
2024-10-14 01:36:42,623 - WARNING - Unknown option passed to Flask-CORS: support_credentials
2024-10-14 01:37:13,340 - WARNING - Unknown option passed to Flask-CORS: support_credentials
2024-10-14 01:37:13,340 - WARNING - Unknown option passed to Flask-CORS: support_credentials
2024-10-14 04:36:41,173 - WARNING - Unknown option passed to Flask-CORS: support_credentials
2024-10-14 04:36:41,174 - WARNING - Unknown option passed to Flask-CORS: support_credentials
2024-10-14 04:37:11,866 - WARNING - Unknown option passed to Flask-CORS: support_credentials
2024-10-14 04:37:11,867 - WARNING - Unknown option passed to Flask-CORS: support_credentials
2024-10-16 07:30:40,575 - WARNING - Unknown option passed to Flask-CORS: support_credentials
2024-10-16 07:30:40,575 - WARNING - Unknown option passed to Flask-CORS: support_credentials
2024-10-19 21:40:51,541 - WARNING - Unknown option passed to Flask-CORS: support_credentials
2024-10-19 21:40:51,542 - WARNING - Unknown option passed to Flask-CORS: support_credentials
2024-10-21 01:45:53,205 - WARNING - Unknown option passed to Flask-CORS: support_credentials
2024-10-21 01:45:53,205 - WARNING - Unknown option passed to Flask-CORS: support_credentials
2024-10-21 15:59:05,697 - WARNING - Unknown option passed to Flask-CORS: support_credentials
2024-10-21 15:59:05,698 - WARNING - Unknown option passed to Flask-CORS: support_credentials
2024-10-21 18:23:12,517 - WARNING - Unknown option passed to Flask-CORS: support_credentials
2024-10-21 18:23:12,518 - WARNING - Unknown option passed to Flask-CORS: support_credentials
2024-10-21 23:39:04,295 - WARNING - Unknown option passed to Flask-CORS: support_credentials
2024-10-21 23:39:04,296 - WARNING - Unknown option passed to Flask-CORS: support_credentials
2024-10-25 00:58:33,025 - WARNING - Unknown option passed to Flask-CORS: support_credentials
2024-10-25 00:58:33,026 - WARNING - Unknown option passed to Flask-CORS: support_credentials
2024-10-25 15:35:09,830 - WARNING - Unknown option passed to Flask-CORS: support_credentials
2024-10-25 15:35:09,831 - WARNING - Unknown option passed to Flask-CORS: support_credentials
2024-10-27 03:46:08,722 - WARNING - Unknown option passed to Flask-CORS: support_credentials
2024-10-27 03:46:08,722 - WARNING - Unknown option passed to Flask-CORS: support_credentials
2024-10-27 17:31:29,135 - WARNING - Unknown option passed to Flask-CORS: support_credentials
2024-10-27 17:31:29,135 - WARNING - Unknown option passed to Flask-CORS: support_credentials
2024-10-27 17:31:29,150 - INFO - [31m[1mWARNING: This is a development server. Do not use it in a production deployment. Use a production WSGI server instead.[0m
 * Running on all addresses (0.0.0.0)
 * Running on http://127.0.0.1:8000
 * Running on http://216.155.157.204:8000
2024-10-27 17:31:29,150 - INFO - [33mPress CTRL+C to quit[0m
2024-10-27 17:34:18,593 - WARNING - Unknown option passed to Flask-CORS: support_credentials
2024-10-27 17:34:18,595 - WARNING - Unknown option passed to Flask-CORS: support_credentials
2024-10-27 17:34:18,593 - WARNING - Unknown option passed to Flask-CORS: support_credentials
2024-10-27 17:34:18,593 - WARNING - Unknown option passed to Flask-CORS: support_credentials
2024-10-27 17:34:18,596 - WARNING - Unknown option passed to Flask-CORS: support_credentials
2024-10-27 17:34:18,594 - WARNING - Unknown option passed to Flask-CORS: support_credentials
2024-10-27 17:34:18,597 - WARNING - Unknown option passed to Flask-CORS: support_credentials
2024-10-27 17:34:18,598 - WARNING - Unknown option passed to Flask-CORS: support_credentials
2024-10-27 21:09:43,616 - WARNING - Unknown option passed to Flask-CORS: support_credentials
2024-10-27 21:09:43,616 - WARNING - Unknown option passed to Flask-CORS: support_credentials
2024-10-27 21:09:43,620 - WARNING - Unknown option passed to Flask-CORS: support_credentials
2024-10-27 21:09:43,620 - WARNING - Unknown option passed to Flask-CORS: support_credentials
2024-10-27 21:09:43,617 - WARNING - Unknown option passed to Flask-CORS: support_credentials
2024-10-27 21:09:43,623 - WARNING - Unknown option passed to Flask-CORS: support_credentials
2024-10-27 21:09:43,633 - WARNING - Unknown option passed to Flask-CORS: support_credentials
2024-10-27 21:09:43,636 - WARNING - Unknown option passed to Flask-CORS: support_credentials
2024-10-28 19:02:29,693 - WARNING - Unknown option passed to Flask-CORS: support_credentials
2024-10-28 19:02:29,694 - WARNING - Unknown option passed to Flask-CORS: support_credentials
2024-10-31 11:12:32,641 - WARNING - Unknown option passed to Flask-CORS: support_credentials
2024-10-31 11:12:32,642 - WARNING - Unknown option passed to Flask-CORS: support_credentials
2024-10-31 15:12:48,425 - WARNING - Unknown option passed to Flask-CORS: support_credentials
2024-10-31 15:12:48,425 - WARNING - Unknown option passed to Flask-CORS: support_credentials
2024-10-31 15:13:19,221 - WARNING - Unknown option passed to Flask-CORS: support_credentials
2024-10-31 15:13:19,222 - WARNING - Unknown option passed to Flask-CORS: support_credentials
2024-10-31 15:29:55,180 - WARNING - Unknown option passed to Flask-CORS: support_credentials
2024-10-31 15:29:55,181 - WARNING - Unknown option passed to Flask-CORS: support_credentials
2024-10-31 18:35:41,721 - WARNING - Unknown option passed to Flask-CORS: support_credentials
2024-10-31 18:35:41,722 - WARNING - Unknown option passed to Flask-CORS: support_credentials
2024-10-31 18:36:12,166 - WARNING - Unknown option passed to Flask-CORS: support_credentials
2024-10-31 18:36:12,167 - WARNING - Unknown option passed to Flask-CORS: support_credentials
2024-10-31 23:37:28,407 - WARNING - Unknown option passed to Flask-CORS: support_credentials
2024-10-31 23:37:28,408 - WARNING - Unknown option passed to Flask-CORS: support_credentials
2024-11-01 12:21:56,297 - WARNING - Unknown option passed to Flask-CORS: support_credentials
2024-11-01 12:21:56,298 - WARNING - Unknown option passed to Flask-CORS: support_credentials
2024-11-05 23:38:09,703 - WARNING - Unknown option passed to Flask-CORS: support_credentials
2024-11-05 23:38:09,704 - WARNING - Unknown option passed to Flask-CORS: support_credentials
2024-11-06 19:46:13,689 - WARNING - Unknown option passed to Flask-CORS: support_credentials
2024-11-06 19:46:13,690 - WARNING - Unknown option passed to Flask-CORS: support_credentials
2024-11-06 21:09:36,044 - WARNING - Unknown option passed to Flask-CORS: support_credentials
2024-11-06 21:09:36,045 - WARNING - Unknown option passed to Flask-CORS: support_credentials
2024-11-06 21:09:49,070 - WARNING - Unknown option passed to Flask-CORS: support_credentials
2024-11-06 21:09:49,070 - WARNING - Unknown option passed to Flask-CORS: support_credentials
2024-11-06 21:12:32,971 - WARNING - Unknown option passed to Flask-CORS: support_credentials
2024-11-06 21:12:32,972 - WARNING - Unknown option passed to Flask-CORS: support_credentials
2024-11-06 23:41:09,982 - WARNING - Unknown option passed to Flask-CORS: support_credentials
2024-11-06 23:41:09,982 - WARNING - Unknown option passed to Flask-CORS: support_credentials
2024-11-08 15:30:04,184 - WARNING - Unknown option passed to Flask-CORS: support_credentials
2024-11-08 15:30:04,185 - WARNING - Unknown option passed to Flask-CORS: support_credentials
2024-11-09 20:33:01,855 - WARNING - Unknown option passed to Flask-CORS: support_credentials
2024-11-09 20:33:01,856 - WARNING - Unknown option passed to Flask-CORS: support_credentials
2024-11-10 16:34:03,718 - WARNING - Unknown option passed to Flask-CORS: support_credentials
2024-11-10 16:34:03,719 - WARNING - Unknown option passed to Flask-CORS: support_credentials
2024-11-12 03:19:50,961 - WARNING - Unknown option passed to Flask-CORS: support_credentials
2024-11-12 03:19:50,962 - WARNING - Unknown option passed to Flask-CORS: support_credentials
2024-11-12 23:39:31,048 - WARNING - Unknown option passed to Flask-CORS: support_credentials
2024-11-12 23:39:31,048 - WARNING - Unknown option passed to Flask-CORS: support_credentials
2024-11-14 23:38:57,326 - WARNING - Unknown option passed to Flask-CORS: support_credentials
2024-11-14 23:38:57,326 - WARNING - Unknown option passed to Flask-CORS: support_credentials
2024-11-15 21:00:59,119 - WARNING - Unknown option passed to Flask-CORS: support_credentials
2024-11-15 21:00:59,119 - WARNING - Unknown option passed to Flask-CORS: support_credentials
2024-11-17 10:51:38,434 - WARNING - Unknown option passed to Flask-CORS: support_credentials
2024-11-17 10:51:38,435 - WARNING - Unknown option passed to Flask-CORS: support_credentials
2024-11-18 12:25:46,647 - WARNING - Unknown option passed to Flask-CORS: support_credentials
2024-11-18 12:25:46,647 - WARNING - Unknown option passed to Flask-CORS: support_credentials
2024-11-18 12:25:46,646 - WARNING - Unknown option passed to Flask-CORS: support_credentials
2024-11-18 12:25:46,648 - WARNING - Unknown option passed to Flask-CORS: support_credentials
2024-11-18 12:26:16,448 - WARNING - Unknown option passed to Flask-CORS: support_credentials
2024-11-18 12:26:16,449 - WARNING - Unknown option passed to Flask-CORS: support_credentials
2024-11-18 12:26:16,449 - WARNING - Unknown option passed to Flask-CORS: support_credentials
2024-11-18 12:26:16,450 - WARNING - Unknown option passed to Flask-CORS: support_credentials
2024-11-18 15:39:48,383 - WARNING - Unknown option passed to Flask-CORS: support_credentials
2024-11-18 15:39:48,384 - WARNING - Unknown option passed to Flask-CORS: support_credentials
2024-11-18 15:40:18,946 - WARNING - Unknown option passed to Flask-CORS: support_credentials
2024-11-18 15:40:18,946 - WARNING - Unknown option passed to Flask-CORS: support_credentials
2024-11-18 22:36:21,708 - WARNING - Unknown option passed to Flask-CORS: support_credentials
2024-11-18 22:36:21,710 - WARNING - Unknown option passed to Flask-CORS: support_credentials
2024-11-20 23:38:44,145 - WARNING - Unknown option passed to Flask-CORS: support_credentials
2024-11-20 23:38:44,146 - WARNING - Unknown option passed to Flask-CORS: support_credentials
                                                                                                                                                                                                                                                                                                                                                                                                                                                                                                                                                  2024-11-22 00:45:49,982 - WARNING - Unknown option passed to Flask-CORS: support_credentials
2024-11-22 00:45:49,983 - WARNING - Unknown option passed to Flask-CORS: support_credentials
2024-11-22 00:45:49,983 - WARNING - Unknown option passed to Flask-CORS: support_credentials
2024-11-22 00:45:49,986 - WARNING - Unknown option passed to Flask-CORS: support_credentials
2024-11-22 00:45:49,986 - WARNING - Unknown option passed to Flask-CORS: support_credentials
2024-11-22 00:45:49,987 - WARNING - Unknown option passed to Flask-CORS: support_credentials
2024-11-22 00:45:50,002 - WARNING - Unknown option passed to Flask-CORS: support_credentials
2024-11-22 00:45:50,008 - WARNING - Unknown option passed to Flask-CORS: support_credentials
                                                                                                                                                                                                                                                                                                                                                                                                                                                                                                                                                  2024-11-22 17:38:17,267 - WARNING - Unknown option passed to Flask-CORS: support_credentials
2024-11-22 17:38:17,269 - WARNING - Unknown option passed to Flask-CORS: support_credentials
2024-11-22 17:38:17,271 - WARNING - Unknown option passed to Flask-CORS: support_credentials
2024-11-22 17:38:17,273 - WARNING - Unknown option passed to Flask-CORS: support_credentials
2024-11-22 17:38:17,896 - WARNING - Unknown option passed to Flask-CORS: support_credentials
2024-11-22 17:38:17,899 - WARNING - Unknown option passed to Flask-CORS: support_credentials
2024-11-22 17:38:18,881 - WARNING - Unknown option passed to Flask-CORS: support_credentials
2024-11-22 17:38:18,883 - WARNING - Unknown option passed to Flask-CORS: support_credentials
2024-11-22 18:45:26,299 - WARNING - Unknown option passed to Flask-CORS: support_credentials
2024-11-22 18:45:26,299 - WARNING - Unknown option passed to Flask-CORS: support_credentials
2024-11-23 04:59:08,102 - WARNING - Unknown option passed to Flask-CORS: support_credentials
2024-11-23 04:59:08,110 - WARNING - Unknown option passed to Flask-CORS: support_credentials
2024-11-24 00:45:07,380 - WARNING - Unknown option passed to Flask-CORS: support_credentials
2024-11-24 00:45:07,381 - WARNING - Unknown option passed to Flask-CORS: support_credentials
2024-11-24 00:45:07,401 - INFO - [31m[1mWARNING: This is a development server. Do not use it in a production deployment. Use a production WSGI server instead.[0m
 * Running on all addresses (0.0.0.0)
 * Running on http://127.0.0.1:8000
 * Running on http://216.155.157.204:8000
2024-11-24 00:45:07,402 - INFO - [33mPress CTRL+C to quit[0m
2024-11-24 00:48:23,702 - WARNING - Unknown option passed to Flask-CORS: support_credentials
2024-11-24 00:48:23,702 - WARNING - Unknown option passed to Flask-CORS: support_credentials
2024-11-24 00:48:23,706 - WARNING - Unknown option passed to Flask-CORS: support_credentials
2024-11-24 00:48:23,707 - WARNING - Unknown option passed to Flask-CORS: support_credentials
2024-11-24 00:48:23,702 - WARNING - Unknown option passed to Flask-CORS: support_credentials
2024-11-24 00:48:23,711 - WARNING - Unknown option passed to Flask-CORS: support_credentials
2024-11-24 00:48:23,704 - WARNING - Unknown option passed to Flask-CORS: support_credentials
2024-11-24 00:48:23,712 - WARNING - Unknown option passed to Flask-CORS: support_credentials
2024-11-24 23:37:25,312 - WARNING - Unknown option passed to Flask-CORS: support_credentials
2024-11-24 23:37:25,313 - WARNING - Unknown option passed to Flask-CORS: support_credentials
                                                                                                                                                                                                                                                                                                                                                                                                                                                                              2024-11-25 02:00:50,523 - WARNING - Unknown option passed to Flask-CORS: support_credentials
2024-11-25 02:00:50,523 - WARNING - Unknown option passed to Flask-CORS: support_credentials
2024-11-25 02:00:50,527 - WARNING - Unknown option passed to Flask-CORS: support_credentials
2024-11-25 02:00:50,527 - WARNING - Unknown option passed to Flask-CORS: support_credentials
2024-11-25 02:00:50,523 - WARNING - Unknown option passed to Flask-CORS: support_credentials
2024-11-25 02:00:50,529 - WARNING - Unknown option passed to Flask-CORS: support_credentials
2024-11-25 02:00:50,532 - WARNING - Unknown option passed to Flask-CORS: support_credentials
2024-11-25 02:00:50,537 - WARNING - Unknown option passed to Flask-CORS: support_credentials
2024-11-25 05:58:46,255 - WARNING - Unknown option passed to Flask-CORS: support_credentials
2024-11-25 05:58:46,256 - WARNING - Unknown option passed to Flask-CORS: support_credentials
2024-11-28 02:33:09,861 - WARNING - Unknown option passed to Flask-CORS: support_credentials
2024-11-28 02:33:09,862 - WARNING - Unknown option passed to Flask-CORS: support_credentials
2024-11-28 19:37:32,130 - WARNING - Unknown option passed to Flask-CORS: support_credentials
2024-11-28 19:37:32,131 - WARNING - Unknown option passed to Flask-CORS: support_credentials
2024-12-02 01:53:17,165 - WARNING - Unknown option passed to Flask-CORS: support_credentials
2024-12-02 01:53:17,165 - WARNING - Unknown option passed to Flask-CORS: support_credentials
2024-12-02 01:53:17,165 - WARNING - Unknown option passed to Flask-CORS: support_credentials
2024-12-02 01:53:17,169 - WARNING - Unknown option passed to Flask-CORS: support_credentials
2024-12-02 01:53:17,169 - WARNING - Unknown option passed to Flask-CORS: support_credentials
2024-12-02 01:53:17,169 - WARNING - Unknown option passed to Flask-CORS: support_credentials
2024-12-02 01:53:17,174 - WARNING - Unknown option passed to Flask-CORS: support_credentials
2024-12-02 01:53:17,178 - WARNING - Unknown option passed to Flask-CORS: support_credentials
2024-12-03 09:09:46,983 - WARNING - Unknown option passed to Flask-CORS: support_credentials
2024-12-03 09:09:46,984 - WARNING - Unknown option passed to Flask-CORS: support_credentials
2024-12-03 09:48:27,316 - WARNING - Unknown option passed to Flask-CORS: support_credentials
2024-12-03 09:48:27,317 - WARNING - Unknown option passed to Flask-CORS: support_credentials
2024-12-04 10:19:02,363 - WARNING - Unknown option passed to Flask-CORS: support_credentials
2024-12-04 10:19:02,363 - WARNING - Unknown option passed to Flask-CORS: support_credentials
2024-12-05 12:03:45,935 - WARNING - Unknown option passed to Flask-CORS: support_credentials
2024-12-05 12:03:45,935 - WARNING - Unknown option passed to Flask-CORS: support_credentials
2024-12-06 06:28:48,465 - WARNING - Unknown option passed to Flask-CORS: support_credentials
2024-12-06 06:28:48,465 - WARNING - Unknown option passed to Flask-CORS: support_credentials
2024-12-06 06:29:18,995 - WARNING - Unknown option passed to Flask-CORS: support_credentials
2024-12-06 06:29:18,995 - WARNING - Unknown option passed to Flask-CORS: support_credentials
2024-12-06 06:34:56,807 - WARNING - Unknown option passed to Flask-CORS: support_credentials
2024-12-06 06:34:56,807 - WARNING - Unknown option passed to Flask-CORS: support_credentials
2024-12-06 06:35:26,911 - WARNING - Unknown option passed to Flask-CORS: support_credentials
2024-12-06 06:35:26,911 - WARNING - Unknown option passed to Flask-CORS: support_credentials
2024-12-06 09:36:41,356 - WARNING - Unknown option passed to Flask-CORS: support_credentials
2024-12-06 09:36:41,357 - WARNING - Unknown option passed to Flask-CORS: support_credentials
2024-12-06 09:37:12,380 - WARNING - Unknown option passed to Flask-CORS: support_credentials
2024-12-06 09:37:12,380 - WARNING - Unknown option passed to Flask-CORS: support_credentials
2024-12-08 17:40:28,111 - WARNING - Unknown option passed to Flask-CORS: support_credentials
2024-12-08 17:40:28,112 - WARNING - Unknown option passed to Flask-CORS: support_credentials
2024-12-08 23:51:58,068 - WARNING - Unknown option passed to Flask-CORS: support_credentials
2024-12-08 23:51:58,068 - WARNING - Unknown option passed to Flask-CORS: support_credentials
2024-12-10 04:28:08,161 - WARNING - Unknown option passed to Flask-CORS: support_credentials
2024-12-10 04:28:08,164 - WARNING - Unknown option passed to Flask-CORS: support_credentials
2024-12-10 04:28:08,162 - WARNING - Unknown option passed to Flask-CORS: support_credentials
2024-12-10 04:28:08,165 - WARNING - Unknown option passed to Flask-CORS: support_credentials
2024-12-10 04:28:08,162 - WARNING - Unknown option passed to Flask-CORS: support_credentials
2024-12-10 04:28:08,167 - WARNING - Unknown option passed to Flask-CORS: support_credentials
2024-12-10 04:28:08,164 - WARNING - Unknown option passed to Flask-CORS: support_credentials
2024-12-10 04:28:08,170 - WARNING - Unknown option passed to Flask-CORS: support_credentials
2024-12-11 07:44:47,436 - WARNING - Unknown option passed to Flask-CORS: support_credentials
2024-12-11 07:44:47,436 - WARNING - Unknown option passed to Flask-CORS: support_credentials
2024-12-14 01:18:56,267 - WARNING - Unknown option passed to Flask-CORS: support_credentials
2024-12-14 01:18:56,268 - WARNING - Unknown option passed to Flask-CORS: support_credentials
2024-12-14 04:12:31,661 - WARNING - Unknown option passed to Flask-CORS: support_credentials
2024-12-14 04:12:31,662 - WARNING - Unknown option passed to Flask-CORS: support_credentials
2024-12-14 04:27:03,743 - WARNING - Unknown option passed to Flask-CORS: support_credentials
2024-12-14 04:27:03,744 - WARNING - Unknown option passed to Flask-CORS: support_credentials
2024-12-18 01:48:20,918 - WARNING - Unknown option passed to Flask-CORS: support_credentials
2024-12-18 01:48:20,920 - WARNING - Unknown option passed to Flask-CORS: support_credentials
2024-12-18 03:56:14,642 - WARNING - Unknown option passed to Flask-CORS: support_credentials
2024-12-18 03:56:14,644 - WARNING - Unknown option passed to Flask-CORS: support_credentials
2024-12-19 09:08:02,697 - WARNING - Unknown option passed to Flask-CORS: support_credentials
2024-12-19 09:08:02,699 - WARNING - Unknown option passed to Flask-CORS: support_credentials
2024-12-21 21:56:10,045 - WARNING - Unknown option passed to Flask-CORS: support_credentials
2024-12-21 21:56:10,045 - WARNING - Unknown option passed to Flask-CORS: support_credentials
2024-12-24 16:30:02,911 - WARNING - Unknown option passed to Flask-CORS: support_credentials
2024-12-24 16:30:02,912 - WARNING - Unknown option passed to Flask-CORS: support_credentials
2024-12-25 07:05:34,411 - WARNING - Unknown option passed to Flask-CORS: support_credentials
2024-12-25 07:05:34,411 - WARNING - Unknown option passed to Flask-CORS: support_credentials
2024-12-25 07:06:05,589 - WARNING - Unknown option passed to Flask-CORS: support_credentials
2024-12-25 07:06:05,589 - WARNING - Unknown option passed to Flask-CORS: support_credentials
2024-12-25 07:14:10,240 - WARNING - Unknown option passed to Flask-CORS: support_credentials
2024-12-25 07:14:10,245 - WARNING - Unknown option passed to Flask-CORS: support_credentials
2024-12-25 07:14:41,570 - WARNING - Unknown option passed to Flask-CORS: support_credentials
2024-12-25 07:14:41,571 - WARNING - Unknown option passed to Flask-CORS: support_credentials
2024-12-25 10:30:38,300 - WARNING - Unknown option passed to Flask-CORS: support_credentials
2024-12-25 10:30:38,301 - WARNING - Unknown option passed to Flask-CORS: support_credentials
2024-12-25 10:31:09,309 - WARNING - Unknown option passed to Flask-CORS: support_credentials
2024-12-25 10:31:09,309 - WARNING - Unknown option passed to Flask-CORS: support_credentials
2024-12-26 19:35:50,958 - WARNING - Unknown option passed to Flask-CORS: support_credentials
2024-12-26 19:35:50,959 - WARNING - Unknown option passed to Flask-CORS: support_credentials
2024-12-26 23:43:32,773 - WARNING - Unknown option passed to Flask-CORS: support_credentials
2024-12-26 23:43:32,774 - WARNING - Unknown option passed to Flask-CORS: support_credentials
2024-12-26 23:44:05,805 - WARNING - Unknown option passed to Flask-CORS: support_credentials
2024-12-26 23:44:05,805 - WARNING - Unknown option passed to Flask-CORS: support_credentials
2024-12-28 12:10:34,101 - WARNING - Unknown option passed to Flask-CORS: support_credentials
2024-12-28 12:10:34,102 - WARNING - Unknown option passed to Flask-CORS: support_credentials
2024-12-28 21:14:32,985 - WARNING - Unknown option passed to Flask-CORS: support_credentials
2024-12-28 21:14:32,986 - WARNING - Unknown option passed to Flask-CORS: support_credentials
2024-12-29 09:24:55,442 - WARNING - Unknown option passed to Flask-CORS: support_credentials
2024-12-29 09:24:55,443 - WARNING - Unknown option passed to Flask-CORS: support_credentials
2024-12-30 00:19:24,541 - WARNING - Unknown option passed to Flask-CORS: support_credentials
2024-12-30 00:19:24,542 - WARNING - Unknown option passed to Flask-CORS: support_credentials
2024-12-31 08:35:56,355 - WARNING - Unknown option passed to Flask-CORS: support_credentials
2024-12-31 08:35:56,355 - WARNING - Unknown option passed to Flask-CORS: support_credentials
2025-01-02 07:42:09,293 - WARNING - Unknown option passed to Flask-CORS: support_credentials
2025-01-02 07:42:09,294 - WARNING - Unknown option passed to Flask-CORS: support_credentials
2025-01-04 08:04:23,975 - WARNING - Unknown option passed to Flask-CORS: support_credentials
2025-01-04 08:04:23,976 - WARNING - Unknown option passed to Flask-CORS: support_credentials
2025-01-05 23:44:13,680 - WARNING - Unknown option passed to Flask-CORS: support_credentials
2025-01-05 23:44:13,681 - WARNING - Unknown option passed to Flask-CORS: support_credentials
2025-01-08 09:35:38,292 - WARNING - Unknown option passed to Flask-CORS: support_credentials
2025-01-08 09:35:38,293 - WARNING - Unknown option passed to Flask-CORS: support_credentials
2025-01-09 15:09:00,791 - WARNING - Unknown option passed to Flask-CORS: support_credentials
2025-01-09 15:09:00,792 - WARNING - Unknown option passed to Flask-CORS: support_credentials
2025-01-10 02:15:57,660 - WARNING - Unknown option passed to Flask-CORS: support_credentials
2025-01-10 02:15:57,661 - WARNING - Unknown option passed to Flask-CORS: support_credentials
2025-01-11 17:17:43,187 - WARNING - Unknown option passed to Flask-CORS: support_credentials
2025-01-11 17:17:43,187 - WARNING - Unknown option passed to Flask-CORS: support_credentials
2025-01-12 03:21:18,064 - WARNING - Unknown option passed to Flask-CORS: support_credentials
2025-01-12 03:21:18,064 - WARNING - Unknown option passed to Flask-CORS: support_credentials
2025-01-12 03:21:49,456 - WARNING - Unknown option passed to Flask-CORS: support_credentials
2025-01-12 03:21:49,456 - WARNING - Unknown option passed to Flask-CORS: support_credentials
2025-01-12 03:24:41,644 - WARNING - Unknown option passed to Flask-CORS: support_credentials
2025-01-12 03:24:41,645 - WARNING - Unknown option passed to Flask-CORS: support_credentials
2025-01-12 03:25:12,693 - WARNING - Unknown option passed to Flask-CORS: support_credentials
2025-01-12 03:25:12,694 - WARNING - Unknown option passed to Flask-CORS: support_credentials
2025-01-12 06:24:51,546 - WARNING - Unknown option passed to Flask-CORS: support_credentials
2025-01-12 06:24:51,547 - WARNING - Unknown option passed to Flask-CORS: support_credentials
2025-01-12 06:25:22,603 - WARNING - Unknown option passed to Flask-CORS: support_credentials
2025-01-12 06:25:22,604 - WARNING - Unknown option passed to Flask-CORS: support_credentials
2025-01-12 14:40:00,474 - WARNING - Unknown option passed to Flask-CORS: support_credentials
2025-01-12 14:40:00,475 - WARNING - Unknown option passed to Flask-CORS: support_credentials
2025-01-13 07:42:10,846 - WARNING - Unknown option passed to Flask-CORS: support_credentials
2025-01-13 07:42:10,846 - WARNING - Unknown option passed to Flask-CORS: support_credentials
2025-01-14 08:54:24,101 - WARNING - Unknown option passed to Flask-CORS: support_credentials
2025-01-14 08:54:24,101 - WARNING - Unknown option passed to Flask-CORS: support_credentials
2025-01-14 23:25:03,279 - WARNING - Unknown option passed to Flask-CORS: support_credentials
2025-01-14 23:25:03,280 - WARNING - Unknown option passed to Flask-CORS: support_credentials
2025-01-19 23:43:15,245 - WARNING - Unknown option passed to Flask-CORS: support_credentials
2025-01-19 23:43:15,246 - WARNING - Unknown option passed to Flask-CORS: support_credentials
2025-01-20 07:09:55,491 - WARNING - Unknown option passed to Flask-CORS: support_credentials
2025-01-20 07:09:55,492 - WARNING - Unknown option passed to Flask-CORS: support_credentials
2025-01-21 23:42:49,337 - WARNING - Unknown option passed to Flask-CORS: support_credentials
2025-01-21 23:42:49,337 - WARNING - Unknown option passed to Flask-CORS: support_credentials
2025-01-22 00:15:47,461 - WARNING - Unknown option passed to Flask-CORS: support_credentials
2025-01-22 00:15:47,462 - WARNING - Unknown option passed to Flask-CORS: support_credentials
2025-01-22 20:09:52,100 - WARNING - Unknown option passed to Flask-CORS: support_credentials
2025-01-22 20:09:52,101 - WARNING - Unknown option passed to Flask-CORS: support_credentials
2025-01-23 00:20:49,065 - WARNING - Unknown option passed to Flask-CORS: support_credentials
2025-01-23 00:20:49,065 - WARNING - Unknown option passed to Flask-CORS: support_credentials
2025-01-23 12:05:54,898 - WARNING - Unknown option passed to Flask-CORS: support_credentials
2025-01-23 12:05:54,899 - WARNING - Unknown option passed to Flask-CORS: support_credentials
2025-01-23 21:40:43,204 - WARNING - Unknown option passed to Flask-CORS: support_credentials
2025-01-23 21:40:43,205 - WARNING - Unknown option passed to Flask-CORS: support_credentials
2025-01-24 23:04:08,274 - WARNING - Unknown option passed to Flask-CORS: support_credentials
2025-01-24 23:04:08,274 - WARNING - Unknown option passed to Flask-CORS: support_credentials
2025-01-25 12:27:04,492 - WARNING - Unknown option passed to Flask-CORS: support_credentials
2025-01-25 12:27:04,493 - WARNING - Unknown option passed to Flask-CORS: support_credentials
2025-01-25 14:54:09,345 - WARNING - Unknown option passed to Flask-CORS: support_credentials
2025-01-25 14:54:09,345 - WARNING - Unknown option passed to Flask-CORS: support_credentials
2025-01-26 00:24:53,487 - WARNING - Unknown option passed to Flask-CORS: support_credentials
2025-01-26 00:24:53,487 - WARNING - Unknown option passed to Flask-CORS: support_credentials
2025-01-26 10:23:53,570 - WARNING - Unknown option passed to Flask-CORS: support_credentials
2025-01-26 10:23:53,570 - WARNING - Unknown option passed to Flask-CORS: support_credentials
2025-01-27 05:20:55,187 - WARNING - Unknown option passed to Flask-CORS: support_credentials
2025-01-27 05:20:55,187 - WARNING - Unknown option passed to Flask-CORS: support_credentials
2025-01-27 08:40:49,217 - WARNING - Unknown option passed to Flask-CORS: support_credentials
2025-01-27 08:40:49,218 - WARNING - Unknown option passed to Flask-CORS: support_credentials
2025-01-27 12:35:25,394 - WARNING - Unknown option passed to Flask-CORS: support_credentials
2025-01-27 12:35:25,395 - WARNING - Unknown option passed to Flask-CORS: support_credentials
2025-01-27 18:11:15,753 - WARNING - Unknown option passed to Flask-CORS: support_credentials
2025-01-27 18:11:15,754 - WARNING - Unknown option passed to Flask-CORS: support_credentials
2025-01-28 03:20:05,892 - WARNING - Unknown option passed to Flask-CORS: support_credentials
2025-01-28 03:20:05,893 - WARNING - Unknown option passed to Flask-CORS: support_credentials
2025-01-29 04:57:24,002 - WARNING - Unknown option passed to Flask-CORS: support_credentials
2025-01-29 04:57:24,003 - WARNING - Unknown option passed to Flask-CORS: support_credentials
2025-01-29 11:28:44,472 - WARNING - Unknown option passed to Flask-CORS: support_credentials
2025-01-29 11:28:44,472 - WARNING - Unknown option passed to Flask-CORS: support_credentials
2025-01-29 11:29:15,231 - WARNING - Unknown option passed to Flask-CORS: support_credentials
2025-01-29 11:29:15,231 - WARNING - Unknown option passed to Flask-CORS: support_credentials
2025-01-29 11:43:26,742 - WARNING - Unknown option passed to Flask-CORS: support_credentials
2025-01-29 11:43:26,742 - WARNING - Unknown option passed to Flask-CORS: support_credentials
2025-01-29 11:43:56,693 - WARNING - Unknown option passed to Flask-CORS: support_credentials
2025-01-29 11:43:56,693 - WARNING - Unknown option passed to Flask-CORS: support_credentials
2025-01-29 14:14:38,189 - WARNING - Unknown option passed to Flask-CORS: support_credentials
2025-01-29 14:14:38,191 - WARNING - Unknown option passed to Flask-CORS: support_credentials
2025-01-29 14:15:39,994 - WARNING - Unknown option passed to Flask-CORS: support_credentials
2025-01-29 14:15:39,994 - WARNING - Unknown option passed to Flask-CORS: support_credentials
2025-01-29 14:16:10,296 - WARNING - Unknown option passed to Flask-CORS: support_credentials
2025-01-29 14:16:10,297 - WARNING - Unknown option passed to Flask-CORS: support_credentials
2025-01-29 20:08:37,350 - WARNING - Unknown option passed to Flask-CORS: support_credentials
2025-01-29 20:08:37,351 - WARNING - Unknown option passed to Flask-CORS: support_credentials
2025-01-30 22:37:27,837 - WARNING - Unknown option passed to Flask-CORS: support_credentials
2025-01-30 22:37:27,837 - WARNING - Unknown option passed to Flask-CORS: support_credentials
2025-01-31 00:49:58,555 - WARNING - Unknown option passed to Flask-CORS: support_credentials
2025-01-31 00:49:58,556 - WARNING - Unknown option passed to Flask-CORS: support_credentials
2025-01-31 16:17:55,360 - WARNING - Unknown option passed to Flask-CORS: support_credentials
2025-01-31 16:17:55,361 - WARNING - Unknown option passed to Flask-CORS: support_credentials
2025-02-01 22:46:00,756 - WARNING - Unknown option passed to Flask-CORS: support_credentials
2025-02-01 22:46:00,757 - WARNING - Unknown option passed to Flask-CORS: support_credentials
2025-02-02 19:19:17,913 - WARNING - Unknown option passed to Flask-CORS: support_credentials
2025-02-02 19:19:17,914 - WARNING - Unknown option passed to Flask-CORS: support_credentials
2025-02-05 06:28:53,683 - WARNING - Unknown option passed to Flask-CORS: support_credentials
2025-02-05 06:28:53,684 - WARNING - Unknown option passed to Flask-CORS: support_credentials
2025-02-06 02:28:44,825 - WARNING - Unknown option passed to Flask-CORS: support_credentials
2025-02-06 02:28:44,825 - WARNING - Unknown option passed to Flask-CORS: support_credentials
2025-02-07 09:02:03,287 - WARNING - Unknown option passed to Flask-CORS: support_credentials
2025-02-07 09:02:03,288 - WARNING - Unknown option passed to Flask-CORS: support_credentials
2025-02-08 04:45:59,127 - WARNING - Unknown option passed to Flask-CORS: support_credentials
2025-02-08 04:45:59,128 - WARNING - Unknown option passed to Flask-CORS: support_credentials
2025-02-09 03:56:41,190 - WARNING - Unknown option passed to Flask-CORS: support_credentials
2025-02-09 03:56:41,190 - WARNING - Unknown option passed to Flask-CORS: support_credentials
2025-02-10 14:22:20,507 - WARNING - Unknown option passed to Flask-CORS: support_credentials
2025-02-10 14:22:20,508 - WARNING - Unknown option passed to Flask-CORS: support_credentials
2025-02-11 12:39:50,088 - WARNING - Unknown option passed to Flask-CORS: support_credentials
2025-02-11 12:39:50,089 - WARNING - Unknown option passed to Flask-CORS: support_credentials
2025-02-12 13:44:11,633 - WARNING - Unknown option passed to Flask-CORS: support_credentials
2025-02-12 13:44:11,633 - WARNING - Unknown option passed to Flask-CORS: support_credentials
2025-02-13 05:02:55,607 - WARNING - Unknown option passed to Flask-CORS: support_credentials
2025-02-13 05:02:55,608 - WARNING - Unknown option passed to Flask-CORS: support_credentials
2025-02-13 06:21:37,941 - WARNING - Unknown option passed to Flask-CORS: support_credentials
2025-02-13 06:21:37,942 - WARNING - Unknown option passed to Flask-CORS: support_credentials
2025-02-13 06:22:08,705 - WARNING - Unknown option passed to Flask-CORS: support_credentials
2025-02-13 06:22:08,705 - WARNING - Unknown option passed to Flask-CORS: support_credentials
2025-02-13 06:24:50,469 - WARNING - Unknown option passed to Flask-CORS: support_credentials
2025-02-13 06:24:50,469 - WARNING - Unknown option passed to Flask-CORS: support_credentials
2025-02-13 06:25:21,567 - WARNING - Unknown option passed to Flask-CORS: support_credentials
2025-02-13 06:25:21,568 - WARNING - Unknown option passed to Flask-CORS: support_credentials
2025-02-13 09:09:43,459 - WARNING - Unknown option passed to Flask-CORS: support_credentials
2025-02-13 09:09:43,460 - WARNING - Unknown option passed to Flask-CORS: support_credentials
2025-02-13 09:10:14,265 - WARNING - Unknown option passed to Flask-CORS: support_credentials
2025-02-13 09:10:14,265 - WARNING - Unknown option passed to Flask-CORS: support_credentials
2025-02-13 16:35:29,916 - WARNING - Unknown option passed to Flask-CORS: support_credentials
2025-02-13 16:35:29,917 - WARNING - Unknown option passed to Flask-CORS: support_credentials
2025-02-15 09:14:58,772 - WARNING - Unknown option passed to Flask-CORS: support_credentials
2025-02-15 09:14:58,772 - WARNING - Unknown option passed to Flask-CORS: support_credentials
2025-02-15 21:47:55,613 - WARNING - Unknown option passed to Flask-CORS: support_credentials
2025-02-15 21:47:55,613 - WARNING - Unknown option passed to Flask-CORS: support_credentials
2025-02-17 22:37:41,510 - WARNING - Unknown option passed to Flask-CORS: support_credentials
2025-02-17 22:37:41,510 - WARNING - Unknown option passed to Flask-CORS: support_credentials
2025-02-18 00:03:59,277 - WARNING - Unknown option passed to Flask-CORS: support_credentials
2025-02-18 00:03:59,277 - WARNING - Unknown option passed to Flask-CORS: support_credentials
2025-02-18 04:52:18,187 - WARNING - Unknown option passed to Flask-CORS: support_credentials
2025-02-18 04:52:18,188 - WARNING - Unknown option passed to Flask-CORS: support_credentials
2025-02-19 00:31:03,236 - WARNING - Unknown option passed to Flask-CORS: support_credentials
2025-02-19 00:31:03,237 - WARNING - Unknown option passed to Flask-CORS: support_credentials
2025-02-21 05:52:51,034 - WARNING - Unknown option passed to Flask-CORS: support_credentials
2025-02-21 05:52:51,035 - WARNING - Unknown option passed to Flask-CORS: support_credentials
2025-02-22 16:38:54,655 - WARNING - Unknown option passed to Flask-CORS: support_credentials
2025-02-22 16:38:54,656 - WARNING - Unknown option passed to Flask-CORS: support_credentials
2025-02-24 20:04:26,152 - WARNING - Unknown option passed to Flask-CORS: support_credentials
2025-02-24 20:04:26,153 - WARNING - Unknown option passed to Flask-CORS: support_credentials
2025-02-24 21:43:46,664 - WARNING - Unknown option passed to Flask-CORS: support_credentials
2025-02-24 21:43:46,665 - WARNING - Unknown option passed to Flask-CORS: support_credentials
2025-02-24 23:13:18,653 - WARNING - Unknown option passed to Flask-CORS: support_credentials
2025-02-24 23:13:18,653 - WARNING - Unknown option passed to Flask-CORS: support_credentials
2025-02-25 11:15:40,270 - WARNING - Unknown option passed to Flask-CORS: support_credentials
2025-02-25 11:15:40,270 - WARNING - Unknown option passed to Flask-CORS: support_credentials
2025-02-25 16:48:32,613 - WARNING - Unknown option passed to Flask-CORS: support_credentials
2025-02-25 16:48:32,614 - WARNING - Unknown option passed to Flask-CORS: support_credentials
2025-02-26 13:34:03,345 - WARNING - Unknown option passed to Flask-CORS: support_credentials
2025-02-26 13:34:03,348 - WARNING - Unknown option passed to Flask-CORS: support_credentials
2025-02-26 23:45:51,039 - WARNING - Unknown option passed to Flask-CORS: support_credentials
2025-02-26 23:45:51,040 - WARNING - Unknown option passed to Flask-CORS: support_credentials
2025-02-28 14:09:31,323 - WARNING - Unknown option passed to Flask-CORS: support_credentials
2025-02-28 14:09:31,324 - WARNING - Unknown option passed to Flask-CORS: support_credentials
2025-03-01 00:01:14,605 - WARNING - Unknown option passed to Flask-CORS: support_credentials
2025-03-01 00:01:14,606 - WARNING - Unknown option passed to Flask-CORS: support_credentials
2025-03-01 15:56:54,441 - WARNING - Unknown option passed to Flask-CORS: support_credentials
2025-03-01 15:56:54,441 - WARNING - Unknown option passed to Flask-CORS: support_credentials
2025-03-02 12:59:51,541 - WARNING - Unknown option passed to Flask-CORS: support_credentials
2025-03-02 12:59:51,541 - WARNING - Unknown option passed to Flask-CORS: support_credentials
2025-03-03 22:02:22,490 - WARNING - Unknown option passed to Flask-CORS: support_credentials
2025-03-03 22:02:22,494 - WARNING - Unknown option passed to Flask-CORS: support_credentials
2025-03-06 00:51:36,006 - WARNING - Unknown option passed to Flask-CORS: support_credentials
2025-03-06 00:51:36,006 - WARNING - Unknown option passed to Flask-CORS: support_credentials
2025-03-06 05:36:24,013 - WARNING - Unknown option passed to Flask-CORS: support_credentials
2025-03-06 05:36:24,013 - WARNING - Unknown option passed to Flask-CORS: support_credentials
2025-03-06 05:36:24,015 - WARNING - Unknown option passed to Flask-CORS: support_credentials
2025-03-06 05:36:24,016 - WARNING - Unknown option passed to Flask-CORS: support_credentials
2025-03-06 05:36:24,014 - WARNING - Unknown option passed to Flask-CORS: support_credentials
2025-03-06 05:36:24,017 - WARNING - Unknown option passed to Flask-CORS: support_credentials
2025-03-06 05:36:24,051 - WARNING - Unknown option passed to Flask-CORS: support_credentials
2025-03-06 05:36:24,053 - WARNING - Unknown option passed to Flask-CORS: support_credentials
2025-03-06 07:01:40,734 - WARNING - Unknown option passed to Flask-CORS: support_credentials
2025-03-06 07:01:40,735 - WARNING - Unknown option passed to Flask-CORS: support_credentials
2025-03-06 16:32:01,114 - WARNING - Unknown option passed to Flask-CORS: support_credentials
2025-03-06 16:32:01,115 - WARNING - Unknown option passed to Flask-CORS: support_credentials
2025-03-06 16:32:01,117 - WARNING - Unknown option passed to Flask-CORS: support_credentials
2025-03-06 16:32:01,118 - WARNING - Unknown option passed to Flask-CORS: support_credentials
2025-03-06 16:32:01,114 - WARNING - Unknown option passed to Flask-CORS: support_credentials
2025-03-06 16:32:01,120 - WARNING - Unknown option passed to Flask-CORS: support_credentials
2025-03-06 16:32:01,121 - WARNING - Unknown option passed to Flask-CORS: support_credentials
2025-03-06 16:32:01,123 - WARNING - Unknown option passed to Flask-CORS: support_credentials
2025-03-06 16:43:41,841 - WARNING - Unknown option passed to Flask-CORS: support_credentials
2025-03-06 16:43:41,842 - WARNING - Unknown option passed to Flask-CORS: support_credentials
2025-03-06 16:43:41,842 - WARNING - Unknown option passed to Flask-CORS: support_credentials
2025-03-06 16:43:41,842 - WARNING - Unknown option passed to Flask-CORS: support_credentials
2025-03-06 16:43:41,845 - WARNING - Unknown option passed to Flask-CORS: support_credentials
2025-03-06 16:43:41,845 - WARNING - Unknown option passed to Flask-CORS: support_credentials
2025-03-06 16:43:41,845 - WARNING - Unknown option passed to Flask-CORS: support_credentials
2025-03-06 16:43:41,845 - WARNING - Unknown option passed to Flask-CORS: support_credentials
2025-03-06 16:46:22,254 - WARNING - Unknown option passed to Flask-CORS: support_credentials
2025-03-06 16:46:22,254 - WARNING - Unknown option passed to Flask-CORS: support_credentials
2025-03-06 16:46:22,254 - WARNING - Unknown option passed to Flask-CORS: support_credentials
2025-03-06 16:46:22,256 - WARNING - Unknown option passed to Flask-CORS: support_credentials
2025-03-06 16:46:22,257 - WARNING - Unknown option passed to Flask-CORS: support_credentials
2025-03-06 16:46:22,257 - WARNING - Unknown option passed to Flask-CORS: support_credentials
2025-03-06 16:46:22,255 - WARNING - Unknown option passed to Flask-CORS: support_credentials
2025-03-06 16:46:22,259 - WARNING - Unknown option passed to Flask-CORS: support_credentials
2025-03-06 17:41:45,794 - WARNING - Unknown option passed to Flask-CORS: support_credentials
2025-03-06 17:41:45,799 - WARNING - Unknown option passed to Flask-CORS: support_credentials
2025-03-06 17:41:45,904 - WARNING - Unknown option passed to Flask-CORS: support_credentials
2025-03-06 17:41:45,908 - WARNING - Unknown option passed to Flask-CORS: support_credentials
2025-03-06 17:41:45,921 - WARNING - Unknown option passed to Flask-CORS: support_credentials
2025-03-06 17:41:45,925 - WARNING - Unknown option passed to Flask-CORS: support_credentials
2025-03-06 17:41:45,960 - WARNING - Unknown option passed to Flask-CORS: support_credentials
2025-03-06 17:41:45,963 - WARNING - Unknown option passed to Flask-CORS: support_credentials
2025-03-06 17:45:33,444 - WARNING - Unknown option passed to Flask-CORS: support_credentials
2025-03-06 17:45:33,447 - WARNING - Unknown option passed to Flask-CORS: support_credentials
2025-03-06 17:45:33,452 - WARNING - Unknown option passed to Flask-CORS: support_credentials
2025-03-06 17:45:33,451 - WARNING - Unknown option passed to Flask-CORS: support_credentials
2025-03-06 17:45:33,455 - WARNING - Unknown option passed to Flask-CORS: support_credentials
2025-03-06 17:45:33,455 - WARNING - Unknown option passed to Flask-CORS: support_credentials
2025-03-06 17:45:33,458 - WARNING - Unknown option passed to Flask-CORS: support_credentials
2025-03-06 17:45:33,461 - WARNING - Unknown option passed to Flask-CORS: support_credentials
2025-06-05 03:14:03,876 - WARNING - Unknown option passed to Flask-CORS: support_credentials
2025-06-05 03:14:03,877 - WARNING - Unknown option passed to Flask-CORS: support_credentials
2025-06-05 03:14:03,898 - INFO - [31m[1mWARNING: This is a development server. Do not use it in a production deployment. Use a production WSGI server instead.[0m
 * Running on all addresses (0.0.0.0)
 * Running on http://127.0.0.1:8000
 * Running on http://216.155.157.204:8000
2025-06-05 03:14:03,898 - INFO - [33mPress CTRL+C to quit[0m
